[2024-08-18 08:46:34] local.ERROR: SQLSTATE[HY000] [2002] No connection could be made because the target machine actively refused it (Connection: mysql, SQL: select * from `tours` where `is_active` = 1 and `tours`.`deleted_at` is null order by `views` desc limit 4) {"exception":"[object] (Illuminate\\Database\\QueryException(code: 2002): SQLSTATE[HY000] [2002] No connection could be made because the target machine actively refused it (Connection: mysql, SQL: select * from `tours` where `is_active` = 1 and `tours`.`deleted_at` is null order by `views` desc limit 4) at D:\\DATN\\vendor\\laravel\\framework\\src\\Illuminate\\Database\\Connection.php:829)
[stacktrace]
#0 D:\\DATN\\vendor\\laravel\\framework\\src\\Illuminate\\Database\\Connection.php(983): Illuminate\\Database\\Connection->runQueryCallback('select * from `...', Array, Object(Closure))
#1 D:\\DATN\\vendor\\laravel\\framework\\src\\Illuminate\\Database\\Connection.php(962): Illuminate\\Database\\Connection->tryAgainIfCausedByLostConnection(Object(Illuminate\\Database\\QueryException), 'select * from `...', Array, Object(Closure))
#2 D:\\DATN\\vendor\\laravel\\framework\\src\\Illuminate\\Database\\Connection.php(785): Illuminate\\Database\\Connection->handleQueryException(Object(Illuminate\\Database\\QueryException), 'select * from `...', Array, Object(Closure))
#3 D:\\DATN\\vendor\\laravel\\framework\\src\\Illuminate\\Database\\Connection.php(414): Illuminate\\Database\\Connection->run('select * from `...', Array, Object(Closure))
#4 D:\\DATN\\vendor\\laravel\\framework\\src\\Illuminate\\Database\\Query\\Builder.php(2871): Illuminate\\Database\\Connection->select('select * from `...', Array, true)
#5 D:\\DATN\\vendor\\laravel\\framework\\src\\Illuminate\\Database\\Query\\Builder.php(2860): Illuminate\\Database\\Query\\Builder->runSelect()
#6 D:\\DATN\\vendor\\laravel\\framework\\src\\Illuminate\\Database\\Query\\Builder.php(3414): Illuminate\\Database\\Query\\Builder->Illuminate\\Database\\Query\\{closure}()
#7 D:\\DATN\\vendor\\laravel\\framework\\src\\Illuminate\\Database\\Query\\Builder.php(2859): Illuminate\\Database\\Query\\Builder->onceWithColumns(Array, Object(Closure))
#8 D:\\DATN\\vendor\\laravel\\framework\\src\\Illuminate\\Database\\Eloquent\\Builder.php(739): Illuminate\\Database\\Query\\Builder->get(Array)
#9 D:\\DATN\\vendor\\laravel\\framework\\src\\Illuminate\\Database\\Eloquent\\Builder.php(723): Illuminate\\Database\\Eloquent\\Builder->getModels(Array)
#10 D:\\DATN\\app\\Http\\Controllers\\Client\\HomeController.php(45): Illuminate\\Database\\Eloquent\\Builder->get()
#11 D:\\DATN\\vendor\\laravel\\framework\\src\\Illuminate\\Routing\\Controller.php(54): App\\Http\\Controllers\\Client\\HomeController->featureTours()
#12 D:\\DATN\\vendor\\laravel\\framework\\src\\Illuminate\\Routing\\ControllerDispatcher.php(43): Illuminate\\Routing\\Controller->callAction('featureTours', Array)
#13 D:\\DATN\\vendor\\laravel\\framework\\src\\Illuminate\\Routing\\Route.php(259): Illuminate\\Routing\\ControllerDispatcher->dispatch(Object(Illuminate\\Routing\\Route), Object(App\\Http\\Controllers\\Client\\HomeController), 'featureTours')
#14 D:\\DATN\\vendor\\laravel\\framework\\src\\Illuminate\\Routing\\Route.php(205): Illuminate\\Routing\\Route->runController()
#15 D:\\DATN\\vendor\\laravel\\framework\\src\\Illuminate\\Routing\\Router.php(806): Illuminate\\Routing\\Route->run()
#16 D:\\DATN\\vendor\\laravel\\framework\\src\\Illuminate\\Pipeline\\Pipeline.php(144): Illuminate\\Routing\\Router->Illuminate\\Routing\\{closure}(Object(Illuminate\\Http\\Request))
#17 D:\\DATN\\app\\Http\\Middleware\\CorsMiddleware.php(18): Illuminate\\Pipeline\\Pipeline->Illuminate\\Pipeline\\{closure}(Object(Illuminate\\Http\\Request))
#18 D:\\DATN\\vendor\\laravel\\framework\\src\\Illuminate\\Pipeline\\Pipeline.php(183): App\\Http\\Middleware\\CorsMiddleware->handle(Object(Illuminate\\Http\\Request), Object(Closure))
#19 D:\\DATN\\vendor\\laravel\\framework\\src\\Illuminate\\Routing\\Middleware\\SubstituteBindings.php(50): Illuminate\\Pipeline\\Pipeline->Illuminate\\Pipeline\\{closure}(Object(Illuminate\\Http\\Request))
#20 D:\\DATN\\vendor\\laravel\\framework\\src\\Illuminate\\Pipeline\\Pipeline.php(183): Illuminate\\Routing\\Middleware\\SubstituteBindings->handle(Object(Illuminate\\Http\\Request), Object(Closure))
#21 D:\\DATN\\vendor\\laravel\\framework\\src\\Illuminate\\Routing\\Middleware\\ThrottleRequests.php(159): Illuminate\\Pipeline\\Pipeline->Illuminate\\Pipeline\\{closure}(Object(Illuminate\\Http\\Request))
#22 D:\\DATN\\vendor\\laravel\\framework\\src\\Illuminate\\Routing\\Middleware\\ThrottleRequests.php(125): Illuminate\\Routing\\Middleware\\ThrottleRequests->handleRequest(Object(Illuminate\\Http\\Request), Object(Closure), Array)
#23 D:\\DATN\\vendor\\laravel\\framework\\src\\Illuminate\\Routing\\Middleware\\ThrottleRequests.php(87): Illuminate\\Routing\\Middleware\\ThrottleRequests->handleRequestUsingNamedLimiter(Object(Illuminate\\Http\\Request), Object(Closure), 'api', Object(Closure))
#24 D:\\DATN\\vendor\\laravel\\framework\\src\\Illuminate\\Pipeline\\Pipeline.php(183): Illuminate\\Routing\\Middleware\\ThrottleRequests->handle(Object(Illuminate\\Http\\Request), Object(Closure), 'api')
#25 D:\\DATN\\vendor\\laravel\\framework\\src\\Illuminate\\Pipeline\\Pipeline.php(119): Illuminate\\Pipeline\\Pipeline->Illuminate\\Pipeline\\{closure}(Object(Illuminate\\Http\\Request))
#26 D:\\DATN\\vendor\\laravel\\framework\\src\\Illuminate\\Routing\\Router.php(805): Illuminate\\Pipeline\\Pipeline->then(Object(Closure))
#27 D:\\DATN\\vendor\\laravel\\framework\\src\\Illuminate\\Routing\\Router.php(784): Illuminate\\Routing\\Router->runRouteWithinStack(Object(Illuminate\\Routing\\Route), Object(Illuminate\\Http\\Request))
#28 D:\\DATN\\vendor\\laravel\\framework\\src\\Illuminate\\Routing\\Router.php(748): Illuminate\\Routing\\Router->runRoute(Object(Illuminate\\Http\\Request), Object(Illuminate\\Routing\\Route))
#29 D:\\DATN\\vendor\\laravel\\framework\\src\\Illuminate\\Routing\\Router.php(737): Illuminate\\Routing\\Router->dispatchToRoute(Object(Illuminate\\Http\\Request))
#30 D:\\DATN\\vendor\\laravel\\framework\\src\\Illuminate\\Foundation\\Http\\Kernel.php(200): Illuminate\\Routing\\Router->dispatch(Object(Illuminate\\Http\\Request))
#31 D:\\DATN\\vendor\\laravel\\framework\\src\\Illuminate\\Pipeline\\Pipeline.php(144): Illuminate\\Foundation\\Http\\Kernel->Illuminate\\Foundation\\Http\\{closure}(Object(Illuminate\\Http\\Request))
#32 D:\\DATN\\app\\Http\\Middleware\\CorsMiddleware.php(18): Illuminate\\Pipeline\\Pipeline->Illuminate\\Pipeline\\{closure}(Object(Illuminate\\Http\\Request))
#33 D:\\DATN\\vendor\\laravel\\framework\\src\\Illuminate\\Pipeline\\Pipeline.php(183): App\\Http\\Middleware\\CorsMiddleware->handle(Object(Illuminate\\Http\\Request), Object(Closure))
#34 D:\\DATN\\vendor\\laravel\\framework\\src\\Illuminate\\Foundation\\Http\\Middleware\\TransformsRequest.php(21): Illuminate\\Pipeline\\Pipeline->Illuminate\\Pipeline\\{closure}(Object(Illuminate\\Http\\Request))
#35 D:\\DATN\\vendor\\laravel\\framework\\src\\Illuminate\\Foundation\\Http\\Middleware\\ConvertEmptyStringsToNull.php(31): Illuminate\\Foundation\\Http\\Middleware\\TransformsRequest->handle(Object(Illuminate\\Http\\Request), Object(Closure))
#36 D:\\DATN\\vendor\\laravel\\framework\\src\\Illuminate\\Pipeline\\Pipeline.php(183): Illuminate\\Foundation\\Http\\Middleware\\ConvertEmptyStringsToNull->handle(Object(Illuminate\\Http\\Request), Object(Closure))
#37 D:\\DATN\\vendor\\laravel\\framework\\src\\Illuminate\\Foundation\\Http\\Middleware\\TransformsRequest.php(21): Illuminate\\Pipeline\\Pipeline->Illuminate\\Pipeline\\{closure}(Object(Illuminate\\Http\\Request))
#38 D:\\DATN\\vendor\\laravel\\framework\\src\\Illuminate\\Foundation\\Http\\Middleware\\TrimStrings.php(40): Illuminate\\Foundation\\Http\\Middleware\\TransformsRequest->handle(Object(Illuminate\\Http\\Request), Object(Closure))
#39 D:\\DATN\\vendor\\laravel\\framework\\src\\Illuminate\\Pipeline\\Pipeline.php(183): Illuminate\\Foundation\\Http\\Middleware\\TrimStrings->handle(Object(Illuminate\\Http\\Request), Object(Closure))
#40 D:\\DATN\\vendor\\laravel\\framework\\src\\Illuminate\\Foundation\\Http\\Middleware\\ValidatePostSize.php(27): Illuminate\\Pipeline\\Pipeline->Illuminate\\Pipeline\\{closure}(Object(Illuminate\\Http\\Request))
#41 D:\\DATN\\vendor\\laravel\\framework\\src\\Illuminate\\Pipeline\\Pipeline.php(183): Illuminate\\Foundation\\Http\\Middleware\\ValidatePostSize->handle(Object(Illuminate\\Http\\Request), Object(Closure))
#42 D:\\DATN\\vendor\\laravel\\framework\\src\\Illuminate\\Foundation\\Http\\Middleware\\PreventRequestsDuringMaintenance.php(99): Illuminate\\Pipeline\\Pipeline->Illuminate\\Pipeline\\{closure}(Object(Illuminate\\Http\\Request))
#43 D:\\DATN\\vendor\\laravel\\framework\\src\\Illuminate\\Pipeline\\Pipeline.php(183): Illuminate\\Foundation\\Http\\Middleware\\PreventRequestsDuringMaintenance->handle(Object(Illuminate\\Http\\Request), Object(Closure))
#44 D:\\DATN\\vendor\\laravel\\framework\\src\\Illuminate\\Http\\Middleware\\HandleCors.php(62): Illuminate\\Pipeline\\Pipeline->Illuminate\\Pipeline\\{closure}(Object(Illuminate\\Http\\Request))
#45 D:\\DATN\\vendor\\laravel\\framework\\src\\Illuminate\\Pipeline\\Pipeline.php(183): Illuminate\\Http\\Middleware\\HandleCors->handle(Object(Illuminate\\Http\\Request), Object(Closure))
#46 D:\\DATN\\vendor\\laravel\\framework\\src\\Illuminate\\Http\\Middleware\\TrustProxies.php(39): Illuminate\\Pipeline\\Pipeline->Illuminate\\Pipeline\\{closure}(Object(Illuminate\\Http\\Request))
#47 D:\\DATN\\vendor\\laravel\\framework\\src\\Illuminate\\Pipeline\\Pipeline.php(183): Illuminate\\Http\\Middleware\\TrustProxies->handle(Object(Illuminate\\Http\\Request), Object(Closure))
#48 D:\\DATN\\vendor\\laravel\\framework\\src\\Illuminate\\Pipeline\\Pipeline.php(119): Illuminate\\Pipeline\\Pipeline->Illuminate\\Pipeline\\{closure}(Object(Illuminate\\Http\\Request))
#49 D:\\DATN\\vendor\\laravel\\framework\\src\\Illuminate\\Foundation\\Http\\Kernel.php(175): Illuminate\\Pipeline\\Pipeline->then(Object(Closure))
#50 D:\\DATN\\vendor\\laravel\\framework\\src\\Illuminate\\Foundation\\Http\\Kernel.php(144): Illuminate\\Foundation\\Http\\Kernel->sendRequestThroughRouter(Object(Illuminate\\Http\\Request))
#51 D:\\DATN\\public\\index.php(52): Illuminate\\Foundation\\Http\\Kernel->handle(Object(Illuminate\\Http\\Request))
#52 D:\\DATN\\vendor\\laravel\\framework\\src\\Illuminate\\Foundation\\resources\\server.php(16): require_once('D:\\\\DATN\\\\public\\\\...')
#53 {main}

[previous exception] [object] (PDOException(code: 2002): SQLSTATE[HY000] [2002] No connection could be made because the target machine actively refused it at D:\\DATN\\vendor\\laravel\\framework\\src\\Illuminate\\Database\\Connectors\\Connector.php:65)
[stacktrace]
#0 D:\\DATN\\vendor\\laravel\\framework\\src\\Illuminate\\Database\\Connectors\\Connector.php(65): PDO->__construct('mysql:host=127....', 'root', Object(SensitiveParameterValue), Array)
#1 D:\\DATN\\vendor\\laravel\\framework\\src\\Illuminate\\Database\\Connectors\\Connector.php(83): Illuminate\\Database\\Connectors\\Connector->createPdoConnection('mysql:host=127....', 'root', '', Array)
#2 D:\\DATN\\vendor\\laravel\\framework\\src\\Illuminate\\Database\\Connectors\\Connector.php(48): Illuminate\\Database\\Connectors\\Connector->tryAgainIfCausedByLostConnection(Object(PDOException), 'mysql:host=127....', 'root', '', Array)
#3 D:\\DATN\\vendor\\laravel\\framework\\src\\Illuminate\\Database\\Connectors\\MySqlConnector.php(24): Illuminate\\Database\\Connectors\\Connector->createConnection('mysql:host=127....', Array, Array)
#4 D:\\DATN\\vendor\\laravel\\framework\\src\\Illuminate\\Database\\Connectors\\ConnectionFactory.php(184): Illuminate\\Database\\Connectors\\MySqlConnector->connect(Array)
#5 [internal function]: Illuminate\\Database\\Connectors\\ConnectionFactory->Illuminate\\Database\\Connectors\\{closure}()
#6 D:\\DATN\\vendor\\laravel\\framework\\src\\Illuminate\\Database\\Connection.php(1339): call_user_func(Object(Closure))
#7 D:\\DATN\\vendor\\laravel\\framework\\src\\Illuminate\\Database\\Connection.php(1375): Illuminate\\Database\\Connection->getPdo()
#8 D:\\DATN\\vendor\\laravel\\framework\\src\\Illuminate\\Database\\Connection.php(528): Illuminate\\Database\\Connection->getReadPdo()
#9 D:\\DATN\\vendor\\laravel\\framework\\src\\Illuminate\\Database\\Connection.php(423): Illuminate\\Database\\Connection->getPdoForSelect(true)
#10 D:\\DATN\\vendor\\laravel\\framework\\src\\Illuminate\\Database\\Connection.php(816): Illuminate\\Database\\Connection->Illuminate\\Database\\{closure}('select * from `...', Array)
#11 D:\\DATN\\vendor\\laravel\\framework\\src\\Illuminate\\Database\\Connection.php(983): Illuminate\\Database\\Connection->runQueryCallback('select * from `...', Array, Object(Closure))
#12 D:\\DATN\\vendor\\laravel\\framework\\src\\Illuminate\\Database\\Connection.php(962): Illuminate\\Database\\Connection->tryAgainIfCausedByLostConnection(Object(Illuminate\\Database\\QueryException), 'select * from `...', Array, Object(Closure))
#13 D:\\DATN\\vendor\\laravel\\framework\\src\\Illuminate\\Database\\Connection.php(785): Illuminate\\Database\\Connection->handleQueryException(Object(Illuminate\\Database\\QueryException), 'select * from `...', Array, Object(Closure))
#14 D:\\DATN\\vendor\\laravel\\framework\\src\\Illuminate\\Database\\Connection.php(414): Illuminate\\Database\\Connection->run('select * from `...', Array, Object(Closure))
#15 D:\\DATN\\vendor\\laravel\\framework\\src\\Illuminate\\Database\\Query\\Builder.php(2871): Illuminate\\Database\\Connection->select('select * from `...', Array, true)
#16 D:\\DATN\\vendor\\laravel\\framework\\src\\Illuminate\\Database\\Query\\Builder.php(2860): Illuminate\\Database\\Query\\Builder->runSelect()
#17 D:\\DATN\\vendor\\laravel\\framework\\src\\Illuminate\\Database\\Query\\Builder.php(3414): Illuminate\\Database\\Query\\Builder->Illuminate\\Database\\Query\\{closure}()
#18 D:\\DATN\\vendor\\laravel\\framework\\src\\Illuminate\\Database\\Query\\Builder.php(2859): Illuminate\\Database\\Query\\Builder->onceWithColumns(Array, Object(Closure))
#19 D:\\DATN\\vendor\\laravel\\framework\\src\\Illuminate\\Database\\Eloquent\\Builder.php(739): Illuminate\\Database\\Query\\Builder->get(Array)
#20 D:\\DATN\\vendor\\laravel\\framework\\src\\Illuminate\\Database\\Eloquent\\Builder.php(723): Illuminate\\Database\\Eloquent\\Builder->getModels(Array)
#21 D:\\DATN\\app\\Http\\Controllers\\Client\\HomeController.php(45): Illuminate\\Database\\Eloquent\\Builder->get()
#22 D:\\DATN\\vendor\\laravel\\framework\\src\\Illuminate\\Routing\\Controller.php(54): App\\Http\\Controllers\\Client\\HomeController->featureTours()
#23 D:\\DATN\\vendor\\laravel\\framework\\src\\Illuminate\\Routing\\ControllerDispatcher.php(43): Illuminate\\Routing\\Controller->callAction('featureTours', Array)
#24 D:\\DATN\\vendor\\laravel\\framework\\src\\Illuminate\\Routing\\Route.php(259): Illuminate\\Routing\\ControllerDispatcher->dispatch(Object(Illuminate\\Routing\\Route), Object(App\\Http\\Controllers\\Client\\HomeController), 'featureTours')
#25 D:\\DATN\\vendor\\laravel\\framework\\src\\Illuminate\\Routing\\Route.php(205): Illuminate\\Routing\\Route->runController()
#26 D:\\DATN\\vendor\\laravel\\framework\\src\\Illuminate\\Routing\\Router.php(806): Illuminate\\Routing\\Route->run()
#27 D:\\DATN\\vendor\\laravel\\framework\\src\\Illuminate\\Pipeline\\Pipeline.php(144): Illuminate\\Routing\\Router->Illuminate\\Routing\\{closure}(Object(Illuminate\\Http\\Request))
#28 D:\\DATN\\app\\Http\\Middleware\\CorsMiddleware.php(18): Illuminate\\Pipeline\\Pipeline->Illuminate\\Pipeline\\{closure}(Object(Illuminate\\Http\\Request))
#29 D:\\DATN\\vendor\\laravel\\framework\\src\\Illuminate\\Pipeline\\Pipeline.php(183): App\\Http\\Middleware\\CorsMiddleware->handle(Object(Illuminate\\Http\\Request), Object(Closure))
#30 D:\\DATN\\vendor\\laravel\\framework\\src\\Illuminate\\Routing\\Middleware\\SubstituteBindings.php(50): Illuminate\\Pipeline\\Pipeline->Illuminate\\Pipeline\\{closure}(Object(Illuminate\\Http\\Request))
#31 D:\\DATN\\vendor\\laravel\\framework\\src\\Illuminate\\Pipeline\\Pipeline.php(183): Illuminate\\Routing\\Middleware\\SubstituteBindings->handle(Object(Illuminate\\Http\\Request), Object(Closure))
#32 D:\\DATN\\vendor\\laravel\\framework\\src\\Illuminate\\Routing\\Middleware\\ThrottleRequests.php(159): Illuminate\\Pipeline\\Pipeline->Illuminate\\Pipeline\\{closure}(Object(Illuminate\\Http\\Request))
#33 D:\\DATN\\vendor\\laravel\\framework\\src\\Illuminate\\Routing\\Middleware\\ThrottleRequests.php(125): Illuminate\\Routing\\Middleware\\ThrottleRequests->handleRequest(Object(Illuminate\\Http\\Request), Object(Closure), Array)
#34 D:\\DATN\\vendor\\laravel\\framework\\src\\Illuminate\\Routing\\Middleware\\ThrottleRequests.php(87): Illuminate\\Routing\\Middleware\\ThrottleRequests->handleRequestUsingNamedLimiter(Object(Illuminate\\Http\\Request), Object(Closure), 'api', Object(Closure))
#35 D:\\DATN\\vendor\\laravel\\framework\\src\\Illuminate\\Pipeline\\Pipeline.php(183): Illuminate\\Routing\\Middleware\\ThrottleRequests->handle(Object(Illuminate\\Http\\Request), Object(Closure), 'api')
#36 D:\\DATN\\vendor\\laravel\\framework\\src\\Illuminate\\Pipeline\\Pipeline.php(119): Illuminate\\Pipeline\\Pipeline->Illuminate\\Pipeline\\{closure}(Object(Illuminate\\Http\\Request))
#37 D:\\DATN\\vendor\\laravel\\framework\\src\\Illuminate\\Routing\\Router.php(805): Illuminate\\Pipeline\\Pipeline->then(Object(Closure))
#38 D:\\DATN\\vendor\\laravel\\framework\\src\\Illuminate\\Routing\\Router.php(784): Illuminate\\Routing\\Router->runRouteWithinStack(Object(Illuminate\\Routing\\Route), Object(Illuminate\\Http\\Request))
#39 D:\\DATN\\vendor\\laravel\\framework\\src\\Illuminate\\Routing\\Router.php(748): Illuminate\\Routing\\Router->runRoute(Object(Illuminate\\Http\\Request), Object(Illuminate\\Routing\\Route))
#40 D:\\DATN\\vendor\\laravel\\framework\\src\\Illuminate\\Routing\\Router.php(737): Illuminate\\Routing\\Router->dispatchToRoute(Object(Illuminate\\Http\\Request))
#41 D:\\DATN\\vendor\\laravel\\framework\\src\\Illuminate\\Foundation\\Http\\Kernel.php(200): Illuminate\\Routing\\Router->dispatch(Object(Illuminate\\Http\\Request))
#42 D:\\DATN\\vendor\\laravel\\framework\\src\\Illuminate\\Pipeline\\Pipeline.php(144): Illuminate\\Foundation\\Http\\Kernel->Illuminate\\Foundation\\Http\\{closure}(Object(Illuminate\\Http\\Request))
#43 D:\\DATN\\app\\Http\\Middleware\\CorsMiddleware.php(18): Illuminate\\Pipeline\\Pipeline->Illuminate\\Pipeline\\{closure}(Object(Illuminate\\Http\\Request))
#44 D:\\DATN\\vendor\\laravel\\framework\\src\\Illuminate\\Pipeline\\Pipeline.php(183): App\\Http\\Middleware\\CorsMiddleware->handle(Object(Illuminate\\Http\\Request), Object(Closure))
#45 D:\\DATN\\vendor\\laravel\\framework\\src\\Illuminate\\Foundation\\Http\\Middleware\\TransformsRequest.php(21): Illuminate\\Pipeline\\Pipeline->Illuminate\\Pipeline\\{closure}(Object(Illuminate\\Http\\Request))
#46 D:\\DATN\\vendor\\laravel\\framework\\src\\Illuminate\\Foundation\\Http\\Middleware\\ConvertEmptyStringsToNull.php(31): Illuminate\\Foundation\\Http\\Middleware\\TransformsRequest->handle(Object(Illuminate\\Http\\Request), Object(Closure))
#47 D:\\DATN\\vendor\\laravel\\framework\\src\\Illuminate\\Pipeline\\Pipeline.php(183): Illuminate\\Foundation\\Http\\Middleware\\ConvertEmptyStringsToNull->handle(Object(Illuminate\\Http\\Request), Object(Closure))
#48 D:\\DATN\\vendor\\laravel\\framework\\src\\Illuminate\\Foundation\\Http\\Middleware\\TransformsRequest.php(21): Illuminate\\Pipeline\\Pipeline->Illuminate\\Pipeline\\{closure}(Object(Illuminate\\Http\\Request))
#49 D:\\DATN\\vendor\\laravel\\framework\\src\\Illuminate\\Foundation\\Http\\Middleware\\TrimStrings.php(40): Illuminate\\Foundation\\Http\\Middleware\\TransformsRequest->handle(Object(Illuminate\\Http\\Request), Object(Closure))
#50 D:\\DATN\\vendor\\laravel\\framework\\src\\Illuminate\\Pipeline\\Pipeline.php(183): Illuminate\\Foundation\\Http\\Middleware\\TrimStrings->handle(Object(Illuminate\\Http\\Request), Object(Closure))
#51 D:\\DATN\\vendor\\laravel\\framework\\src\\Illuminate\\Foundation\\Http\\Middleware\\ValidatePostSize.php(27): Illuminate\\Pipeline\\Pipeline->Illuminate\\Pipeline\\{closure}(Object(Illuminate\\Http\\Request))
#52 D:\\DATN\\vendor\\laravel\\framework\\src\\Illuminate\\Pipeline\\Pipeline.php(183): Illuminate\\Foundation\\Http\\Middleware\\ValidatePostSize->handle(Object(Illuminate\\Http\\Request), Object(Closure))
#53 D:\\DATN\\vendor\\laravel\\framework\\src\\Illuminate\\Foundation\\Http\\Middleware\\PreventRequestsDuringMaintenance.php(99): Illuminate\\Pipeline\\Pipeline->Illuminate\\Pipeline\\{closure}(Object(Illuminate\\Http\\Request))
#54 D:\\DATN\\vendor\\laravel\\framework\\src\\Illuminate\\Pipeline\\Pipeline.php(183): Illuminate\\Foundation\\Http\\Middleware\\PreventRequestsDuringMaintenance->handle(Object(Illuminate\\Http\\Request), Object(Closure))
#55 D:\\DATN\\vendor\\laravel\\framework\\src\\Illuminate\\Http\\Middleware\\HandleCors.php(62): Illuminate\\Pipeline\\Pipeline->Illuminate\\Pipeline\\{closure}(Object(Illuminate\\Http\\Request))
#56 D:\\DATN\\vendor\\laravel\\framework\\src\\Illuminate\\Pipeline\\Pipeline.php(183): Illuminate\\Http\\Middleware\\HandleCors->handle(Object(Illuminate\\Http\\Request), Object(Closure))
#57 D:\\DATN\\vendor\\laravel\\framework\\src\\Illuminate\\Http\\Middleware\\TrustProxies.php(39): Illuminate\\Pipeline\\Pipeline->Illuminate\\Pipeline\\{closure}(Object(Illuminate\\Http\\Request))
#58 D:\\DATN\\vendor\\laravel\\framework\\src\\Illuminate\\Pipeline\\Pipeline.php(183): Illuminate\\Http\\Middleware\\TrustProxies->handle(Object(Illuminate\\Http\\Request), Object(Closure))
#59 D:\\DATN\\vendor\\laravel\\framework\\src\\Illuminate\\Pipeline\\Pipeline.php(119): Illuminate\\Pipeline\\Pipeline->Illuminate\\Pipeline\\{closure}(Object(Illuminate\\Http\\Request))
#60 D:\\DATN\\vendor\\laravel\\framework\\src\\Illuminate\\Foundation\\Http\\Kernel.php(175): Illuminate\\Pipeline\\Pipeline->then(Object(Closure))
#61 D:\\DATN\\vendor\\laravel\\framework\\src\\Illuminate\\Foundation\\Http\\Kernel.php(144): Illuminate\\Foundation\\Http\\Kernel->sendRequestThroughRouter(Object(Illuminate\\Http\\Request))
#62 D:\\DATN\\public\\index.php(52): Illuminate\\Foundation\\Http\\Kernel->handle(Object(Illuminate\\Http\\Request))
#63 D:\\DATN\\vendor\\laravel\\framework\\src\\Illuminate\\Foundation\\resources\\server.php(16): require_once('D:\\\\DATN\\\\public\\\\...')
#64 {main}
"} 
[2024-08-19 05:49:36] production.ERROR: No application encryption key has been specified. {"exception":"[object] (Illuminate\\Encryption\\MissingAppKeyException(code: 0): No application encryption key has been specified. at C:\\laragon\\www\\DEAH-Booking\\vendor\\laravel\\framework\\src\\Illuminate\\Encryption\\EncryptionServiceProvider.php:79)
[stacktrace]
#0 C:\\laragon\\www\\DEAH-Booking\\vendor\\laravel\\framework\\src\\Illuminate\\Support\\helpers.php(307): Illuminate\\Encryption\\EncryptionServiceProvider->Illuminate\\Encryption\\{closure}(NULL)
#1 C:\\laragon\\www\\DEAH-Booking\\vendor\\laravel\\framework\\src\\Illuminate\\Encryption\\EncryptionServiceProvider.php(81): tap(NULL, Object(Closure))
#2 C:\\laragon\\www\\DEAH-Booking\\vendor\\laravel\\framework\\src\\Illuminate\\Encryption\\EncryptionServiceProvider.php(60): Illuminate\\Encryption\\EncryptionServiceProvider->key(Array)
#3 C:\\laragon\\www\\DEAH-Booking\\vendor\\laravel\\framework\\src\\Illuminate\\Encryption\\EncryptionServiceProvider.php(32): Illuminate\\Encryption\\EncryptionServiceProvider->parseKey(Array)
#4 C:\\laragon\\www\\DEAH-Booking\\vendor\\laravel\\framework\\src\\Illuminate\\Container\\Container.php(908): Illuminate\\Encryption\\EncryptionServiceProvider->Illuminate\\Encryption\\{closure}(Object(Illuminate\\Foundation\\Application), Array)
#5 C:\\laragon\\www\\DEAH-Booking\\vendor\\laravel\\framework\\src\\Illuminate\\Container\\Container.php(795): Illuminate\\Container\\Container->build(Object(Closure))
#6 C:\\laragon\\www\\DEAH-Booking\\vendor\\laravel\\framework\\src\\Illuminate\\Foundation\\Application.php(961): Illuminate\\Container\\Container->resolve('encrypter', Array, true)
#7 C:\\laragon\\www\\DEAH-Booking\\vendor\\laravel\\framework\\src\\Illuminate\\Container\\Container.php(731): Illuminate\\Foundation\\Application->resolve('encrypter', Array)
#8 C:\\laragon\\www\\DEAH-Booking\\vendor\\laravel\\framework\\src\\Illuminate\\Foundation\\Application.php(946): Illuminate\\Container\\Container->make('encrypter', Array)
#9 C:\\laragon\\www\\DEAH-Booking\\vendor\\laravel\\framework\\src\\Illuminate\\Container\\Container.php(1066): Illuminate\\Foundation\\Application->make('encrypter')
#10 C:\\laragon\\www\\DEAH-Booking\\vendor\\laravel\\framework\\src\\Illuminate\\Container\\Container.php(982): Illuminate\\Container\\Container->resolveClass(Object(ReflectionParameter))
#11 C:\\laragon\\www\\DEAH-Booking\\vendor\\laravel\\framework\\src\\Illuminate\\Container\\Container.php(943): Illuminate\\Container\\Container->resolveDependencies(Array)
#12 C:\\laragon\\www\\DEAH-Booking\\vendor\\laravel\\framework\\src\\Illuminate\\Container\\Container.php(795): Illuminate\\Container\\Container->build('App\\\\Http\\\\Middle...')
#13 C:\\laragon\\www\\DEAH-Booking\\vendor\\laravel\\framework\\src\\Illuminate\\Foundation\\Application.php(961): Illuminate\\Container\\Container->resolve('App\\\\Http\\\\Middle...', Array, true)
#14 C:\\laragon\\www\\DEAH-Booking\\vendor\\laravel\\framework\\src\\Illuminate\\Container\\Container.php(731): Illuminate\\Foundation\\Application->resolve('App\\\\Http\\\\Middle...', Array)
#15 C:\\laragon\\www\\DEAH-Booking\\vendor\\laravel\\framework\\src\\Illuminate\\Foundation\\Application.php(946): Illuminate\\Container\\Container->make('App\\\\Http\\\\Middle...', Array)
#16 C:\\laragon\\www\\DEAH-Booking\\vendor\\laravel\\framework\\src\\Illuminate\\Pipeline\\Pipeline.php(172): Illuminate\\Foundation\\Application->make('App\\\\Http\\\\Middle...')
#17 C:\\laragon\\www\\DEAH-Booking\\vendor\\laravel\\framework\\src\\Illuminate\\Pipeline\\Pipeline.php(119): Illuminate\\Pipeline\\Pipeline->Illuminate\\Pipeline\\{closure}(Object(Illuminate\\Http\\Request))
#18 C:\\laragon\\www\\DEAH-Booking\\vendor\\laravel\\framework\\src\\Illuminate\\Routing\\Router.php(807): Illuminate\\Pipeline\\Pipeline->then(Object(Closure))
#19 C:\\laragon\\www\\DEAH-Booking\\vendor\\laravel\\framework\\src\\Illuminate\\Routing\\Router.php(784): Illuminate\\Routing\\Router->runRouteWithinStack(Object(Illuminate\\Routing\\Route), Object(Illuminate\\Http\\Request))
#20 C:\\laragon\\www\\DEAH-Booking\\vendor\\laravel\\framework\\src\\Illuminate\\Routing\\Router.php(748): Illuminate\\Routing\\Router->runRoute(Object(Illuminate\\Http\\Request), Object(Illuminate\\Routing\\Route))
#21 C:\\laragon\\www\\DEAH-Booking\\vendor\\laravel\\framework\\src\\Illuminate\\Routing\\Router.php(737): Illuminate\\Routing\\Router->dispatchToRoute(Object(Illuminate\\Http\\Request))
#22 C:\\laragon\\www\\DEAH-Booking\\vendor\\laravel\\framework\\src\\Illuminate\\Foundation\\Http\\Kernel.php(200): Illuminate\\Routing\\Router->dispatch(Object(Illuminate\\Http\\Request))
#23 C:\\laragon\\www\\DEAH-Booking\\vendor\\laravel\\framework\\src\\Illuminate\\Pipeline\\Pipeline.php(144): Illuminate\\Foundation\\Http\\Kernel->Illuminate\\Foundation\\Http\\{closure}(Object(Illuminate\\Http\\Request))
#24 C:\\laragon\\www\\DEAH-Booking\\app\\Http\\Middleware\\CorsMiddleware.php(18): Illuminate\\Pipeline\\Pipeline->Illuminate\\Pipeline\\{closure}(Object(Illuminate\\Http\\Request))
#25 C:\\laragon\\www\\DEAH-Booking\\vendor\\laravel\\framework\\src\\Illuminate\\Pipeline\\Pipeline.php(183): App\\Http\\Middleware\\CorsMiddleware->handle(Object(Illuminate\\Http\\Request), Object(Closure))
#26 C:\\laragon\\www\\DEAH-Booking\\vendor\\laravel\\framework\\src\\Illuminate\\Foundation\\Http\\Middleware\\TransformsRequest.php(21): Illuminate\\Pipeline\\Pipeline->Illuminate\\Pipeline\\{closure}(Object(Illuminate\\Http\\Request))
#27 C:\\laragon\\www\\DEAH-Booking\\vendor\\laravel\\framework\\src\\Illuminate\\Foundation\\Http\\Middleware\\ConvertEmptyStringsToNull.php(31): Illuminate\\Foundation\\Http\\Middleware\\TransformsRequest->handle(Object(Illuminate\\Http\\Request), Object(Closure))
#28 C:\\laragon\\www\\DEAH-Booking\\vendor\\laravel\\framework\\src\\Illuminate\\Pipeline\\Pipeline.php(183): Illuminate\\Foundation\\Http\\Middleware\\ConvertEmptyStringsToNull->handle(Object(Illuminate\\Http\\Request), Object(Closure))
#29 C:\\laragon\\www\\DEAH-Booking\\vendor\\laravel\\framework\\src\\Illuminate\\Foundation\\Http\\Middleware\\TransformsRequest.php(21): Illuminate\\Pipeline\\Pipeline->Illuminate\\Pipeline\\{closure}(Object(Illuminate\\Http\\Request))
#30 C:\\laragon\\www\\DEAH-Booking\\vendor\\laravel\\framework\\src\\Illuminate\\Foundation\\Http\\Middleware\\TrimStrings.php(40): Illuminate\\Foundation\\Http\\Middleware\\TransformsRequest->handle(Object(Illuminate\\Http\\Request), Object(Closure))
#31 C:\\laragon\\www\\DEAH-Booking\\vendor\\laravel\\framework\\src\\Illuminate\\Pipeline\\Pipeline.php(183): Illuminate\\Foundation\\Http\\Middleware\\TrimStrings->handle(Object(Illuminate\\Http\\Request), Object(Closure))
#32 C:\\laragon\\www\\DEAH-Booking\\vendor\\laravel\\framework\\src\\Illuminate\\Foundation\\Http\\Middleware\\ValidatePostSize.php(27): Illuminate\\Pipeline\\Pipeline->Illuminate\\Pipeline\\{closure}(Object(Illuminate\\Http\\Request))
#33 C:\\laragon\\www\\DEAH-Booking\\vendor\\laravel\\framework\\src\\Illuminate\\Pipeline\\Pipeline.php(183): Illuminate\\Foundation\\Http\\Middleware\\ValidatePostSize->handle(Object(Illuminate\\Http\\Request), Object(Closure))
#34 C:\\laragon\\www\\DEAH-Booking\\vendor\\laravel\\framework\\src\\Illuminate\\Foundation\\Http\\Middleware\\PreventRequestsDuringMaintenance.php(99): Illuminate\\Pipeline\\Pipeline->Illuminate\\Pipeline\\{closure}(Object(Illuminate\\Http\\Request))
#35 C:\\laragon\\www\\DEAH-Booking\\vendor\\laravel\\framework\\src\\Illuminate\\Pipeline\\Pipeline.php(183): Illuminate\\Foundation\\Http\\Middleware\\PreventRequestsDuringMaintenance->handle(Object(Illuminate\\Http\\Request), Object(Closure))
#36 C:\\laragon\\www\\DEAH-Booking\\vendor\\laravel\\framework\\src\\Illuminate\\Http\\Middleware\\HandleCors.php(49): Illuminate\\Pipeline\\Pipeline->Illuminate\\Pipeline\\{closure}(Object(Illuminate\\Http\\Request))
#37 C:\\laragon\\www\\DEAH-Booking\\vendor\\laravel\\framework\\src\\Illuminate\\Pipeline\\Pipeline.php(183): Illuminate\\Http\\Middleware\\HandleCors->handle(Object(Illuminate\\Http\\Request), Object(Closure))
#38 C:\\laragon\\www\\DEAH-Booking\\vendor\\laravel\\framework\\src\\Illuminate\\Http\\Middleware\\TrustProxies.php(39): Illuminate\\Pipeline\\Pipeline->Illuminate\\Pipeline\\{closure}(Object(Illuminate\\Http\\Request))
#39 C:\\laragon\\www\\DEAH-Booking\\vendor\\laravel\\framework\\src\\Illuminate\\Pipeline\\Pipeline.php(183): Illuminate\\Http\\Middleware\\TrustProxies->handle(Object(Illuminate\\Http\\Request), Object(Closure))
#40 C:\\laragon\\www\\DEAH-Booking\\vendor\\laravel\\framework\\src\\Illuminate\\Pipeline\\Pipeline.php(119): Illuminate\\Pipeline\\Pipeline->Illuminate\\Pipeline\\{closure}(Object(Illuminate\\Http\\Request))
#41 C:\\laragon\\www\\DEAH-Booking\\vendor\\laravel\\framework\\src\\Illuminate\\Foundation\\Http\\Kernel.php(175): Illuminate\\Pipeline\\Pipeline->then(Object(Closure))
#42 C:\\laragon\\www\\DEAH-Booking\\vendor\\laravel\\framework\\src\\Illuminate\\Foundation\\Http\\Kernel.php(144): Illuminate\\Foundation\\Http\\Kernel->sendRequestThroughRouter(Object(Illuminate\\Http\\Request))
#43 C:\\laragon\\www\\DEAH-Booking\\public\\index.php(53): Illuminate\\Foundation\\Http\\Kernel->handle(Object(Illuminate\\Http\\Request))
#44 C:\\laragon\\www\\DEAH-Booking\\vendor\\laravel\\framework\\src\\Illuminate\\Foundation\\resources\\server.php(16): require_once('C:\\\\laragon\\\\www\\\\...')
#45 {main}
"} 
[2024-08-19 05:49:36] production.ERROR: No application encryption key has been specified. {"exception":"[object] (Illuminate\\Encryption\\MissingAppKeyException(code: 0): No application encryption key has been specified. at C:\\laragon\\www\\DEAH-Booking\\vendor\\laravel\\framework\\src\\Illuminate\\Encryption\\EncryptionServiceProvider.php:79)
[stacktrace]
#0 C:\\laragon\\www\\DEAH-Booking\\vendor\\laravel\\framework\\src\\Illuminate\\Support\\helpers.php(307): Illuminate\\Encryption\\EncryptionServiceProvider->Illuminate\\Encryption\\{closure}(NULL)
#1 C:\\laragon\\www\\DEAH-Booking\\vendor\\laravel\\framework\\src\\Illuminate\\Encryption\\EncryptionServiceProvider.php(81): tap(NULL, Object(Closure))
#2 C:\\laragon\\www\\DEAH-Booking\\vendor\\laravel\\framework\\src\\Illuminate\\Encryption\\EncryptionServiceProvider.php(60): Illuminate\\Encryption\\EncryptionServiceProvider->key(Array)
#3 C:\\laragon\\www\\DEAH-Booking\\vendor\\laravel\\framework\\src\\Illuminate\\Encryption\\EncryptionServiceProvider.php(32): Illuminate\\Encryption\\EncryptionServiceProvider->parseKey(Array)
#4 C:\\laragon\\www\\DEAH-Booking\\vendor\\laravel\\framework\\src\\Illuminate\\Container\\Container.php(908): Illuminate\\Encryption\\EncryptionServiceProvider->Illuminate\\Encryption\\{closure}(Object(Illuminate\\Foundation\\Application), Array)
#5 C:\\laragon\\www\\DEAH-Booking\\vendor\\laravel\\framework\\src\\Illuminate\\Container\\Container.php(795): Illuminate\\Container\\Container->build(Object(Closure))
#6 C:\\laragon\\www\\DEAH-Booking\\vendor\\laravel\\framework\\src\\Illuminate\\Foundation\\Application.php(961): Illuminate\\Container\\Container->resolve('encrypter', Array, true)
#7 C:\\laragon\\www\\DEAH-Booking\\vendor\\laravel\\framework\\src\\Illuminate\\Container\\Container.php(731): Illuminate\\Foundation\\Application->resolve('encrypter', Array)
#8 C:\\laragon\\www\\DEAH-Booking\\vendor\\laravel\\framework\\src\\Illuminate\\Foundation\\Application.php(946): Illuminate\\Container\\Container->make('encrypter', Array)
#9 C:\\laragon\\www\\DEAH-Booking\\vendor\\laravel\\framework\\src\\Illuminate\\Container\\Container.php(1066): Illuminate\\Foundation\\Application->make('encrypter')
#10 C:\\laragon\\www\\DEAH-Booking\\vendor\\laravel\\framework\\src\\Illuminate\\Container\\Container.php(982): Illuminate\\Container\\Container->resolveClass(Object(ReflectionParameter))
#11 C:\\laragon\\www\\DEAH-Booking\\vendor\\laravel\\framework\\src\\Illuminate\\Container\\Container.php(943): Illuminate\\Container\\Container->resolveDependencies(Array)
#12 C:\\laragon\\www\\DEAH-Booking\\vendor\\laravel\\framework\\src\\Illuminate\\Container\\Container.php(795): Illuminate\\Container\\Container->build('App\\\\Http\\\\Middle...')
#13 C:\\laragon\\www\\DEAH-Booking\\vendor\\laravel\\framework\\src\\Illuminate\\Foundation\\Application.php(961): Illuminate\\Container\\Container->resolve('App\\\\Http\\\\Middle...', Array, true)
#14 C:\\laragon\\www\\DEAH-Booking\\vendor\\laravel\\framework\\src\\Illuminate\\Container\\Container.php(731): Illuminate\\Foundation\\Application->resolve('App\\\\Http\\\\Middle...', Array)
#15 C:\\laragon\\www\\DEAH-Booking\\vendor\\laravel\\framework\\src\\Illuminate\\Foundation\\Application.php(946): Illuminate\\Container\\Container->make('App\\\\Http\\\\Middle...', Array)
#16 C:\\laragon\\www\\DEAH-Booking\\vendor\\laravel\\framework\\src\\Illuminate\\Foundation\\Http\\Kernel.php(255): Illuminate\\Foundation\\Application->make('App\\\\Http\\\\Middle...')
#17 C:\\laragon\\www\\DEAH-Booking\\vendor\\laravel\\framework\\src\\Illuminate\\Foundation\\Http\\Kernel.php(213): Illuminate\\Foundation\\Http\\Kernel->terminateMiddleware(Object(Illuminate\\Http\\Request), Object(Illuminate\\Http\\Response))
#18 C:\\laragon\\www\\DEAH-Booking\\public\\index.php(56): Illuminate\\Foundation\\Http\\Kernel->terminate(Object(Illuminate\\Http\\Request), Object(Illuminate\\Http\\Response))
#19 C:\\laragon\\www\\DEAH-Booking\\vendor\\laravel\\framework\\src\\Illuminate\\Foundation\\resources\\server.php(16): require_once('C:\\\\laragon\\\\www\\\\...')
#20 {main}
"} 
[2024-08-19 05:52:01] production.ERROR: No application encryption key has been specified. {"exception":"[object] (Illuminate\\Encryption\\MissingAppKeyException(code: 0): No application encryption key has been specified. at C:\\laragon\\www\\DEAH-Booking\\vendor\\laravel\\framework\\src\\Illuminate\\Encryption\\EncryptionServiceProvider.php:79)
[stacktrace]
#0 C:\\laragon\\www\\DEAH-Booking\\vendor\\laravel\\framework\\src\\Illuminate\\Support\\helpers.php(307): Illuminate\\Encryption\\EncryptionServiceProvider->Illuminate\\Encryption\\{closure}(NULL)
#1 C:\\laragon\\www\\DEAH-Booking\\vendor\\laravel\\framework\\src\\Illuminate\\Encryption\\EncryptionServiceProvider.php(81): tap(NULL, Object(Closure))
#2 C:\\laragon\\www\\DEAH-Booking\\vendor\\laravel\\framework\\src\\Illuminate\\Encryption\\EncryptionServiceProvider.php(60): Illuminate\\Encryption\\EncryptionServiceProvider->key(Array)
#3 C:\\laragon\\www\\DEAH-Booking\\vendor\\laravel\\framework\\src\\Illuminate\\Encryption\\EncryptionServiceProvider.php(32): Illuminate\\Encryption\\EncryptionServiceProvider->parseKey(Array)
#4 C:\\laragon\\www\\DEAH-Booking\\vendor\\laravel\\framework\\src\\Illuminate\\Container\\Container.php(908): Illuminate\\Encryption\\EncryptionServiceProvider->Illuminate\\Encryption\\{closure}(Object(Illuminate\\Foundation\\Application), Array)
#5 C:\\laragon\\www\\DEAH-Booking\\vendor\\laravel\\framework\\src\\Illuminate\\Container\\Container.php(795): Illuminate\\Container\\Container->build(Object(Closure))
#6 C:\\laragon\\www\\DEAH-Booking\\vendor\\laravel\\framework\\src\\Illuminate\\Foundation\\Application.php(961): Illuminate\\Container\\Container->resolve('encrypter', Array, true)
#7 C:\\laragon\\www\\DEAH-Booking\\vendor\\laravel\\framework\\src\\Illuminate\\Container\\Container.php(731): Illuminate\\Foundation\\Application->resolve('encrypter', Array)
#8 C:\\laragon\\www\\DEAH-Booking\\vendor\\laravel\\framework\\src\\Illuminate\\Foundation\\Application.php(946): Illuminate\\Container\\Container->make('encrypter', Array)
#9 C:\\laragon\\www\\DEAH-Booking\\vendor\\laravel\\framework\\src\\Illuminate\\Container\\Container.php(1066): Illuminate\\Foundation\\Application->make('encrypter')
#10 C:\\laragon\\www\\DEAH-Booking\\vendor\\laravel\\framework\\src\\Illuminate\\Container\\Container.php(982): Illuminate\\Container\\Container->resolveClass(Object(ReflectionParameter))
#11 C:\\laragon\\www\\DEAH-Booking\\vendor\\laravel\\framework\\src\\Illuminate\\Container\\Container.php(943): Illuminate\\Container\\Container->resolveDependencies(Array)
#12 C:\\laragon\\www\\DEAH-Booking\\vendor\\laravel\\framework\\src\\Illuminate\\Container\\Container.php(795): Illuminate\\Container\\Container->build('App\\\\Http\\\\Middle...')
#13 C:\\laragon\\www\\DEAH-Booking\\vendor\\laravel\\framework\\src\\Illuminate\\Foundation\\Application.php(961): Illuminate\\Container\\Container->resolve('App\\\\Http\\\\Middle...', Array, true)
#14 C:\\laragon\\www\\DEAH-Booking\\vendor\\laravel\\framework\\src\\Illuminate\\Container\\Container.php(731): Illuminate\\Foundation\\Application->resolve('App\\\\Http\\\\Middle...', Array)
#15 C:\\laragon\\www\\DEAH-Booking\\vendor\\laravel\\framework\\src\\Illuminate\\Foundation\\Application.php(946): Illuminate\\Container\\Container->make('App\\\\Http\\\\Middle...', Array)
#16 C:\\laragon\\www\\DEAH-Booking\\vendor\\laravel\\framework\\src\\Illuminate\\Pipeline\\Pipeline.php(172): Illuminate\\Foundation\\Application->make('App\\\\Http\\\\Middle...')
#17 C:\\laragon\\www\\DEAH-Booking\\vendor\\laravel\\framework\\src\\Illuminate\\Pipeline\\Pipeline.php(119): Illuminate\\Pipeline\\Pipeline->Illuminate\\Pipeline\\{closure}(Object(Illuminate\\Http\\Request))
#18 C:\\laragon\\www\\DEAH-Booking\\vendor\\laravel\\framework\\src\\Illuminate\\Routing\\Router.php(807): Illuminate\\Pipeline\\Pipeline->then(Object(Closure))
#19 C:\\laragon\\www\\DEAH-Booking\\vendor\\laravel\\framework\\src\\Illuminate\\Routing\\Router.php(784): Illuminate\\Routing\\Router->runRouteWithinStack(Object(Illuminate\\Routing\\Route), Object(Illuminate\\Http\\Request))
#20 C:\\laragon\\www\\DEAH-Booking\\vendor\\laravel\\framework\\src\\Illuminate\\Routing\\Router.php(748): Illuminate\\Routing\\Router->runRoute(Object(Illuminate\\Http\\Request), Object(Illuminate\\Routing\\Route))
#21 C:\\laragon\\www\\DEAH-Booking\\vendor\\laravel\\framework\\src\\Illuminate\\Routing\\Router.php(737): Illuminate\\Routing\\Router->dispatchToRoute(Object(Illuminate\\Http\\Request))
#22 C:\\laragon\\www\\DEAH-Booking\\vendor\\laravel\\framework\\src\\Illuminate\\Foundation\\Http\\Kernel.php(200): Illuminate\\Routing\\Router->dispatch(Object(Illuminate\\Http\\Request))
#23 C:\\laragon\\www\\DEAH-Booking\\vendor\\laravel\\framework\\src\\Illuminate\\Pipeline\\Pipeline.php(144): Illuminate\\Foundation\\Http\\Kernel->Illuminate\\Foundation\\Http\\{closure}(Object(Illuminate\\Http\\Request))
#24 C:\\laragon\\www\\DEAH-Booking\\app\\Http\\Middleware\\CorsMiddleware.php(18): Illuminate\\Pipeline\\Pipeline->Illuminate\\Pipeline\\{closure}(Object(Illuminate\\Http\\Request))
#25 C:\\laragon\\www\\DEAH-Booking\\vendor\\laravel\\framework\\src\\Illuminate\\Pipeline\\Pipeline.php(183): App\\Http\\Middleware\\CorsMiddleware->handle(Object(Illuminate\\Http\\Request), Object(Closure))
#26 C:\\laragon\\www\\DEAH-Booking\\vendor\\laravel\\framework\\src\\Illuminate\\Foundation\\Http\\Middleware\\TransformsRequest.php(21): Illuminate\\Pipeline\\Pipeline->Illuminate\\Pipeline\\{closure}(Object(Illuminate\\Http\\Request))
#27 C:\\laragon\\www\\DEAH-Booking\\vendor\\laravel\\framework\\src\\Illuminate\\Foundation\\Http\\Middleware\\ConvertEmptyStringsToNull.php(31): Illuminate\\Foundation\\Http\\Middleware\\TransformsRequest->handle(Object(Illuminate\\Http\\Request), Object(Closure))
#28 C:\\laragon\\www\\DEAH-Booking\\vendor\\laravel\\framework\\src\\Illuminate\\Pipeline\\Pipeline.php(183): Illuminate\\Foundation\\Http\\Middleware\\ConvertEmptyStringsToNull->handle(Object(Illuminate\\Http\\Request), Object(Closure))
#29 C:\\laragon\\www\\DEAH-Booking\\vendor\\laravel\\framework\\src\\Illuminate\\Foundation\\Http\\Middleware\\TransformsRequest.php(21): Illuminate\\Pipeline\\Pipeline->Illuminate\\Pipeline\\{closure}(Object(Illuminate\\Http\\Request))
#30 C:\\laragon\\www\\DEAH-Booking\\vendor\\laravel\\framework\\src\\Illuminate\\Foundation\\Http\\Middleware\\TrimStrings.php(40): Illuminate\\Foundation\\Http\\Middleware\\TransformsRequest->handle(Object(Illuminate\\Http\\Request), Object(Closure))
#31 C:\\laragon\\www\\DEAH-Booking\\vendor\\laravel\\framework\\src\\Illuminate\\Pipeline\\Pipeline.php(183): Illuminate\\Foundation\\Http\\Middleware\\TrimStrings->handle(Object(Illuminate\\Http\\Request), Object(Closure))
#32 C:\\laragon\\www\\DEAH-Booking\\vendor\\laravel\\framework\\src\\Illuminate\\Foundation\\Http\\Middleware\\ValidatePostSize.php(27): Illuminate\\Pipeline\\Pipeline->Illuminate\\Pipeline\\{closure}(Object(Illuminate\\Http\\Request))
#33 C:\\laragon\\www\\DEAH-Booking\\vendor\\laravel\\framework\\src\\Illuminate\\Pipeline\\Pipeline.php(183): Illuminate\\Foundation\\Http\\Middleware\\ValidatePostSize->handle(Object(Illuminate\\Http\\Request), Object(Closure))
#34 C:\\laragon\\www\\DEAH-Booking\\vendor\\laravel\\framework\\src\\Illuminate\\Foundation\\Http\\Middleware\\PreventRequestsDuringMaintenance.php(99): Illuminate\\Pipeline\\Pipeline->Illuminate\\Pipeline\\{closure}(Object(Illuminate\\Http\\Request))
#35 C:\\laragon\\www\\DEAH-Booking\\vendor\\laravel\\framework\\src\\Illuminate\\Pipeline\\Pipeline.php(183): Illuminate\\Foundation\\Http\\Middleware\\PreventRequestsDuringMaintenance->handle(Object(Illuminate\\Http\\Request), Object(Closure))
#36 C:\\laragon\\www\\DEAH-Booking\\vendor\\laravel\\framework\\src\\Illuminate\\Http\\Middleware\\HandleCors.php(49): Illuminate\\Pipeline\\Pipeline->Illuminate\\Pipeline\\{closure}(Object(Illuminate\\Http\\Request))
#37 C:\\laragon\\www\\DEAH-Booking\\vendor\\laravel\\framework\\src\\Illuminate\\Pipeline\\Pipeline.php(183): Illuminate\\Http\\Middleware\\HandleCors->handle(Object(Illuminate\\Http\\Request), Object(Closure))
#38 C:\\laragon\\www\\DEAH-Booking\\vendor\\laravel\\framework\\src\\Illuminate\\Http\\Middleware\\TrustProxies.php(39): Illuminate\\Pipeline\\Pipeline->Illuminate\\Pipeline\\{closure}(Object(Illuminate\\Http\\Request))
#39 C:\\laragon\\www\\DEAH-Booking\\vendor\\laravel\\framework\\src\\Illuminate\\Pipeline\\Pipeline.php(183): Illuminate\\Http\\Middleware\\TrustProxies->handle(Object(Illuminate\\Http\\Request), Object(Closure))
#40 C:\\laragon\\www\\DEAH-Booking\\vendor\\laravel\\framework\\src\\Illuminate\\Pipeline\\Pipeline.php(119): Illuminate\\Pipeline\\Pipeline->Illuminate\\Pipeline\\{closure}(Object(Illuminate\\Http\\Request))
#41 C:\\laragon\\www\\DEAH-Booking\\vendor\\laravel\\framework\\src\\Illuminate\\Foundation\\Http\\Kernel.php(175): Illuminate\\Pipeline\\Pipeline->then(Object(Closure))
#42 C:\\laragon\\www\\DEAH-Booking\\vendor\\laravel\\framework\\src\\Illuminate\\Foundation\\Http\\Kernel.php(144): Illuminate\\Foundation\\Http\\Kernel->sendRequestThroughRouter(Object(Illuminate\\Http\\Request))
#43 C:\\laragon\\www\\DEAH-Booking\\public\\index.php(53): Illuminate\\Foundation\\Http\\Kernel->handle(Object(Illuminate\\Http\\Request))
#44 C:\\laragon\\www\\DEAH-Booking\\vendor\\laravel\\framework\\src\\Illuminate\\Foundation\\resources\\server.php(16): require_once('C:\\\\laragon\\\\www\\\\...')
#45 {main}
"} 
[2024-08-19 05:52:01] production.ERROR: No application encryption key has been specified. {"exception":"[object] (Illuminate\\Encryption\\MissingAppKeyException(code: 0): No application encryption key has been specified. at C:\\laragon\\www\\DEAH-Booking\\vendor\\laravel\\framework\\src\\Illuminate\\Encryption\\EncryptionServiceProvider.php:79)
[stacktrace]
#0 C:\\laragon\\www\\DEAH-Booking\\vendor\\laravel\\framework\\src\\Illuminate\\Support\\helpers.php(307): Illuminate\\Encryption\\EncryptionServiceProvider->Illuminate\\Encryption\\{closure}(NULL)
#1 C:\\laragon\\www\\DEAH-Booking\\vendor\\laravel\\framework\\src\\Illuminate\\Encryption\\EncryptionServiceProvider.php(81): tap(NULL, Object(Closure))
#2 C:\\laragon\\www\\DEAH-Booking\\vendor\\laravel\\framework\\src\\Illuminate\\Encryption\\EncryptionServiceProvider.php(60): Illuminate\\Encryption\\EncryptionServiceProvider->key(Array)
#3 C:\\laragon\\www\\DEAH-Booking\\vendor\\laravel\\framework\\src\\Illuminate\\Encryption\\EncryptionServiceProvider.php(32): Illuminate\\Encryption\\EncryptionServiceProvider->parseKey(Array)
#4 C:\\laragon\\www\\DEAH-Booking\\vendor\\laravel\\framework\\src\\Illuminate\\Container\\Container.php(908): Illuminate\\Encryption\\EncryptionServiceProvider->Illuminate\\Encryption\\{closure}(Object(Illuminate\\Foundation\\Application), Array)
#5 C:\\laragon\\www\\DEAH-Booking\\vendor\\laravel\\framework\\src\\Illuminate\\Container\\Container.php(795): Illuminate\\Container\\Container->build(Object(Closure))
#6 C:\\laragon\\www\\DEAH-Booking\\vendor\\laravel\\framework\\src\\Illuminate\\Foundation\\Application.php(961): Illuminate\\Container\\Container->resolve('encrypter', Array, true)
#7 C:\\laragon\\www\\DEAH-Booking\\vendor\\laravel\\framework\\src\\Illuminate\\Container\\Container.php(731): Illuminate\\Foundation\\Application->resolve('encrypter', Array)
#8 C:\\laragon\\www\\DEAH-Booking\\vendor\\laravel\\framework\\src\\Illuminate\\Foundation\\Application.php(946): Illuminate\\Container\\Container->make('encrypter', Array)
#9 C:\\laragon\\www\\DEAH-Booking\\vendor\\laravel\\framework\\src\\Illuminate\\Container\\Container.php(1066): Illuminate\\Foundation\\Application->make('encrypter')
#10 C:\\laragon\\www\\DEAH-Booking\\vendor\\laravel\\framework\\src\\Illuminate\\Container\\Container.php(982): Illuminate\\Container\\Container->resolveClass(Object(ReflectionParameter))
#11 C:\\laragon\\www\\DEAH-Booking\\vendor\\laravel\\framework\\src\\Illuminate\\Container\\Container.php(943): Illuminate\\Container\\Container->resolveDependencies(Array)
#12 C:\\laragon\\www\\DEAH-Booking\\vendor\\laravel\\framework\\src\\Illuminate\\Container\\Container.php(795): Illuminate\\Container\\Container->build('App\\\\Http\\\\Middle...')
#13 C:\\laragon\\www\\DEAH-Booking\\vendor\\laravel\\framework\\src\\Illuminate\\Foundation\\Application.php(961): Illuminate\\Container\\Container->resolve('App\\\\Http\\\\Middle...', Array, true)
#14 C:\\laragon\\www\\DEAH-Booking\\vendor\\laravel\\framework\\src\\Illuminate\\Container\\Container.php(731): Illuminate\\Foundation\\Application->resolve('App\\\\Http\\\\Middle...', Array)
#15 C:\\laragon\\www\\DEAH-Booking\\vendor\\laravel\\framework\\src\\Illuminate\\Foundation\\Application.php(946): Illuminate\\Container\\Container->make('App\\\\Http\\\\Middle...', Array)
#16 C:\\laragon\\www\\DEAH-Booking\\vendor\\laravel\\framework\\src\\Illuminate\\Foundation\\Http\\Kernel.php(255): Illuminate\\Foundation\\Application->make('App\\\\Http\\\\Middle...')
#17 C:\\laragon\\www\\DEAH-Booking\\vendor\\laravel\\framework\\src\\Illuminate\\Foundation\\Http\\Kernel.php(213): Illuminate\\Foundation\\Http\\Kernel->terminateMiddleware(Object(Illuminate\\Http\\Request), Object(Illuminate\\Http\\Response))
#18 C:\\laragon\\www\\DEAH-Booking\\public\\index.php(56): Illuminate\\Foundation\\Http\\Kernel->terminate(Object(Illuminate\\Http\\Request), Object(Illuminate\\Http\\Response))
#19 C:\\laragon\\www\\DEAH-Booking\\vendor\\laravel\\framework\\src\\Illuminate\\Foundation\\resources\\server.php(16): require_once('C:\\\\laragon\\\\www\\\\...')
#20 {main}
"} 
[2024-08-19 05:55:10] production.ERROR: No application encryption key has been specified. {"exception":"[object] (Illuminate\\Encryption\\MissingAppKeyException(code: 0): No application encryption key has been specified. at C:\\laragon\\www\\DEAH-Booking\\vendor\\laravel\\framework\\src\\Illuminate\\Encryption\\EncryptionServiceProvider.php:79)
[stacktrace]
#0 C:\\laragon\\www\\DEAH-Booking\\vendor\\laravel\\framework\\src\\Illuminate\\Support\\helpers.php(307): Illuminate\\Encryption\\EncryptionServiceProvider->Illuminate\\Encryption\\{closure}(NULL)
#1 C:\\laragon\\www\\DEAH-Booking\\vendor\\laravel\\framework\\src\\Illuminate\\Encryption\\EncryptionServiceProvider.php(81): tap(NULL, Object(Closure))
#2 C:\\laragon\\www\\DEAH-Booking\\vendor\\laravel\\framework\\src\\Illuminate\\Encryption\\EncryptionServiceProvider.php(60): Illuminate\\Encryption\\EncryptionServiceProvider->key(Array)
#3 C:\\laragon\\www\\DEAH-Booking\\vendor\\laravel\\framework\\src\\Illuminate\\Encryption\\EncryptionServiceProvider.php(32): Illuminate\\Encryption\\EncryptionServiceProvider->parseKey(Array)
#4 C:\\laragon\\www\\DEAH-Booking\\vendor\\laravel\\framework\\src\\Illuminate\\Container\\Container.php(908): Illuminate\\Encryption\\EncryptionServiceProvider->Illuminate\\Encryption\\{closure}(Object(Illuminate\\Foundation\\Application), Array)
#5 C:\\laragon\\www\\DEAH-Booking\\vendor\\laravel\\framework\\src\\Illuminate\\Container\\Container.php(795): Illuminate\\Container\\Container->build(Object(Closure))
#6 C:\\laragon\\www\\DEAH-Booking\\vendor\\laravel\\framework\\src\\Illuminate\\Foundation\\Application.php(961): Illuminate\\Container\\Container->resolve('encrypter', Array, true)
#7 C:\\laragon\\www\\DEAH-Booking\\vendor\\laravel\\framework\\src\\Illuminate\\Container\\Container.php(731): Illuminate\\Foundation\\Application->resolve('encrypter', Array)
#8 C:\\laragon\\www\\DEAH-Booking\\vendor\\laravel\\framework\\src\\Illuminate\\Foundation\\Application.php(946): Illuminate\\Container\\Container->make('encrypter', Array)
#9 C:\\laragon\\www\\DEAH-Booking\\vendor\\laravel\\framework\\src\\Illuminate\\Container\\Container.php(1066): Illuminate\\Foundation\\Application->make('encrypter')
#10 C:\\laragon\\www\\DEAH-Booking\\vendor\\laravel\\framework\\src\\Illuminate\\Container\\Container.php(982): Illuminate\\Container\\Container->resolveClass(Object(ReflectionParameter))
#11 C:\\laragon\\www\\DEAH-Booking\\vendor\\laravel\\framework\\src\\Illuminate\\Container\\Container.php(943): Illuminate\\Container\\Container->resolveDependencies(Array)
#12 C:\\laragon\\www\\DEAH-Booking\\vendor\\laravel\\framework\\src\\Illuminate\\Container\\Container.php(795): Illuminate\\Container\\Container->build('App\\\\Http\\\\Middle...')
#13 C:\\laragon\\www\\DEAH-Booking\\vendor\\laravel\\framework\\src\\Illuminate\\Foundation\\Application.php(961): Illuminate\\Container\\Container->resolve('App\\\\Http\\\\Middle...', Array, true)
#14 C:\\laragon\\www\\DEAH-Booking\\vendor\\laravel\\framework\\src\\Illuminate\\Container\\Container.php(731): Illuminate\\Foundation\\Application->resolve('App\\\\Http\\\\Middle...', Array)
#15 C:\\laragon\\www\\DEAH-Booking\\vendor\\laravel\\framework\\src\\Illuminate\\Foundation\\Application.php(946): Illuminate\\Container\\Container->make('App\\\\Http\\\\Middle...', Array)
#16 C:\\laragon\\www\\DEAH-Booking\\vendor\\laravel\\framework\\src\\Illuminate\\Pipeline\\Pipeline.php(172): Illuminate\\Foundation\\Application->make('App\\\\Http\\\\Middle...')
#17 C:\\laragon\\www\\DEAH-Booking\\vendor\\laravel\\framework\\src\\Illuminate\\Pipeline\\Pipeline.php(119): Illuminate\\Pipeline\\Pipeline->Illuminate\\Pipeline\\{closure}(Object(Illuminate\\Http\\Request))
#18 C:\\laragon\\www\\DEAH-Booking\\vendor\\laravel\\framework\\src\\Illuminate\\Routing\\Router.php(807): Illuminate\\Pipeline\\Pipeline->then(Object(Closure))
#19 C:\\laragon\\www\\DEAH-Booking\\vendor\\laravel\\framework\\src\\Illuminate\\Routing\\Router.php(784): Illuminate\\Routing\\Router->runRouteWithinStack(Object(Illuminate\\Routing\\Route), Object(Illuminate\\Http\\Request))
#20 C:\\laragon\\www\\DEAH-Booking\\vendor\\laravel\\framework\\src\\Illuminate\\Routing\\Router.php(748): Illuminate\\Routing\\Router->runRoute(Object(Illuminate\\Http\\Request), Object(Illuminate\\Routing\\Route))
#21 C:\\laragon\\www\\DEAH-Booking\\vendor\\laravel\\framework\\src\\Illuminate\\Routing\\Router.php(737): Illuminate\\Routing\\Router->dispatchToRoute(Object(Illuminate\\Http\\Request))
#22 C:\\laragon\\www\\DEAH-Booking\\vendor\\laravel\\framework\\src\\Illuminate\\Foundation\\Http\\Kernel.php(200): Illuminate\\Routing\\Router->dispatch(Object(Illuminate\\Http\\Request))
#23 C:\\laragon\\www\\DEAH-Booking\\vendor\\laravel\\framework\\src\\Illuminate\\Pipeline\\Pipeline.php(144): Illuminate\\Foundation\\Http\\Kernel->Illuminate\\Foundation\\Http\\{closure}(Object(Illuminate\\Http\\Request))
#24 C:\\laragon\\www\\DEAH-Booking\\app\\Http\\Middleware\\CorsMiddleware.php(18): Illuminate\\Pipeline\\Pipeline->Illuminate\\Pipeline\\{closure}(Object(Illuminate\\Http\\Request))
#25 C:\\laragon\\www\\DEAH-Booking\\vendor\\laravel\\framework\\src\\Illuminate\\Pipeline\\Pipeline.php(183): App\\Http\\Middleware\\CorsMiddleware->handle(Object(Illuminate\\Http\\Request), Object(Closure))
#26 C:\\laragon\\www\\DEAH-Booking\\vendor\\laravel\\framework\\src\\Illuminate\\Foundation\\Http\\Middleware\\TransformsRequest.php(21): Illuminate\\Pipeline\\Pipeline->Illuminate\\Pipeline\\{closure}(Object(Illuminate\\Http\\Request))
#27 C:\\laragon\\www\\DEAH-Booking\\vendor\\laravel\\framework\\src\\Illuminate\\Foundation\\Http\\Middleware\\ConvertEmptyStringsToNull.php(31): Illuminate\\Foundation\\Http\\Middleware\\TransformsRequest->handle(Object(Illuminate\\Http\\Request), Object(Closure))
#28 C:\\laragon\\www\\DEAH-Booking\\vendor\\laravel\\framework\\src\\Illuminate\\Pipeline\\Pipeline.php(183): Illuminate\\Foundation\\Http\\Middleware\\ConvertEmptyStringsToNull->handle(Object(Illuminate\\Http\\Request), Object(Closure))
#29 C:\\laragon\\www\\DEAH-Booking\\vendor\\laravel\\framework\\src\\Illuminate\\Foundation\\Http\\Middleware\\TransformsRequest.php(21): Illuminate\\Pipeline\\Pipeline->Illuminate\\Pipeline\\{closure}(Object(Illuminate\\Http\\Request))
#30 C:\\laragon\\www\\DEAH-Booking\\vendor\\laravel\\framework\\src\\Illuminate\\Foundation\\Http\\Middleware\\TrimStrings.php(40): Illuminate\\Foundation\\Http\\Middleware\\TransformsRequest->handle(Object(Illuminate\\Http\\Request), Object(Closure))
#31 C:\\laragon\\www\\DEAH-Booking\\vendor\\laravel\\framework\\src\\Illuminate\\Pipeline\\Pipeline.php(183): Illuminate\\Foundation\\Http\\Middleware\\TrimStrings->handle(Object(Illuminate\\Http\\Request), Object(Closure))
#32 C:\\laragon\\www\\DEAH-Booking\\vendor\\laravel\\framework\\src\\Illuminate\\Foundation\\Http\\Middleware\\ValidatePostSize.php(27): Illuminate\\Pipeline\\Pipeline->Illuminate\\Pipeline\\{closure}(Object(Illuminate\\Http\\Request))
#33 C:\\laragon\\www\\DEAH-Booking\\vendor\\laravel\\framework\\src\\Illuminate\\Pipeline\\Pipeline.php(183): Illuminate\\Foundation\\Http\\Middleware\\ValidatePostSize->handle(Object(Illuminate\\Http\\Request), Object(Closure))
#34 C:\\laragon\\www\\DEAH-Booking\\vendor\\laravel\\framework\\src\\Illuminate\\Foundation\\Http\\Middleware\\PreventRequestsDuringMaintenance.php(99): Illuminate\\Pipeline\\Pipeline->Illuminate\\Pipeline\\{closure}(Object(Illuminate\\Http\\Request))
#35 C:\\laragon\\www\\DEAH-Booking\\vendor\\laravel\\framework\\src\\Illuminate\\Pipeline\\Pipeline.php(183): Illuminate\\Foundation\\Http\\Middleware\\PreventRequestsDuringMaintenance->handle(Object(Illuminate\\Http\\Request), Object(Closure))
#36 C:\\laragon\\www\\DEAH-Booking\\vendor\\laravel\\framework\\src\\Illuminate\\Http\\Middleware\\HandleCors.php(49): Illuminate\\Pipeline\\Pipeline->Illuminate\\Pipeline\\{closure}(Object(Illuminate\\Http\\Request))
#37 C:\\laragon\\www\\DEAH-Booking\\vendor\\laravel\\framework\\src\\Illuminate\\Pipeline\\Pipeline.php(183): Illuminate\\Http\\Middleware\\HandleCors->handle(Object(Illuminate\\Http\\Request), Object(Closure))
#38 C:\\laragon\\www\\DEAH-Booking\\vendor\\laravel\\framework\\src\\Illuminate\\Http\\Middleware\\TrustProxies.php(39): Illuminate\\Pipeline\\Pipeline->Illuminate\\Pipeline\\{closure}(Object(Illuminate\\Http\\Request))
#39 C:\\laragon\\www\\DEAH-Booking\\vendor\\laravel\\framework\\src\\Illuminate\\Pipeline\\Pipeline.php(183): Illuminate\\Http\\Middleware\\TrustProxies->handle(Object(Illuminate\\Http\\Request), Object(Closure))
#40 C:\\laragon\\www\\DEAH-Booking\\vendor\\laravel\\framework\\src\\Illuminate\\Pipeline\\Pipeline.php(119): Illuminate\\Pipeline\\Pipeline->Illuminate\\Pipeline\\{closure}(Object(Illuminate\\Http\\Request))
#41 C:\\laragon\\www\\DEAH-Booking\\vendor\\laravel\\framework\\src\\Illuminate\\Foundation\\Http\\Kernel.php(175): Illuminate\\Pipeline\\Pipeline->then(Object(Closure))
#42 C:\\laragon\\www\\DEAH-Booking\\vendor\\laravel\\framework\\src\\Illuminate\\Foundation\\Http\\Kernel.php(144): Illuminate\\Foundation\\Http\\Kernel->sendRequestThroughRouter(Object(Illuminate\\Http\\Request))
#43 C:\\laragon\\www\\DEAH-Booking\\public\\index.php(53): Illuminate\\Foundation\\Http\\Kernel->handle(Object(Illuminate\\Http\\Request))
#44 C:\\laragon\\www\\DEAH-Booking\\vendor\\laravel\\framework\\src\\Illuminate\\Foundation\\resources\\server.php(16): require_once('C:\\\\laragon\\\\www\\\\...')
#45 {main}
"} 
[2024-08-19 05:55:10] production.ERROR: No application encryption key has been specified. {"exception":"[object] (Illuminate\\Encryption\\MissingAppKeyException(code: 0): No application encryption key has been specified. at C:\\laragon\\www\\DEAH-Booking\\vendor\\laravel\\framework\\src\\Illuminate\\Encryption\\EncryptionServiceProvider.php:79)
[stacktrace]
#0 C:\\laragon\\www\\DEAH-Booking\\vendor\\laravel\\framework\\src\\Illuminate\\Support\\helpers.php(307): Illuminate\\Encryption\\EncryptionServiceProvider->Illuminate\\Encryption\\{closure}(NULL)
#1 C:\\laragon\\www\\DEAH-Booking\\vendor\\laravel\\framework\\src\\Illuminate\\Encryption\\EncryptionServiceProvider.php(81): tap(NULL, Object(Closure))
#2 C:\\laragon\\www\\DEAH-Booking\\vendor\\laravel\\framework\\src\\Illuminate\\Encryption\\EncryptionServiceProvider.php(60): Illuminate\\Encryption\\EncryptionServiceProvider->key(Array)
#3 C:\\laragon\\www\\DEAH-Booking\\vendor\\laravel\\framework\\src\\Illuminate\\Encryption\\EncryptionServiceProvider.php(32): Illuminate\\Encryption\\EncryptionServiceProvider->parseKey(Array)
#4 C:\\laragon\\www\\DEAH-Booking\\vendor\\laravel\\framework\\src\\Illuminate\\Container\\Container.php(908): Illuminate\\Encryption\\EncryptionServiceProvider->Illuminate\\Encryption\\{closure}(Object(Illuminate\\Foundation\\Application), Array)
#5 C:\\laragon\\www\\DEAH-Booking\\vendor\\laravel\\framework\\src\\Illuminate\\Container\\Container.php(795): Illuminate\\Container\\Container->build(Object(Closure))
#6 C:\\laragon\\www\\DEAH-Booking\\vendor\\laravel\\framework\\src\\Illuminate\\Foundation\\Application.php(961): Illuminate\\Container\\Container->resolve('encrypter', Array, true)
#7 C:\\laragon\\www\\DEAH-Booking\\vendor\\laravel\\framework\\src\\Illuminate\\Container\\Container.php(731): Illuminate\\Foundation\\Application->resolve('encrypter', Array)
#8 C:\\laragon\\www\\DEAH-Booking\\vendor\\laravel\\framework\\src\\Illuminate\\Foundation\\Application.php(946): Illuminate\\Container\\Container->make('encrypter', Array)
#9 C:\\laragon\\www\\DEAH-Booking\\vendor\\laravel\\framework\\src\\Illuminate\\Container\\Container.php(1066): Illuminate\\Foundation\\Application->make('encrypter')
#10 C:\\laragon\\www\\DEAH-Booking\\vendor\\laravel\\framework\\src\\Illuminate\\Container\\Container.php(982): Illuminate\\Container\\Container->resolveClass(Object(ReflectionParameter))
#11 C:\\laragon\\www\\DEAH-Booking\\vendor\\laravel\\framework\\src\\Illuminate\\Container\\Container.php(943): Illuminate\\Container\\Container->resolveDependencies(Array)
#12 C:\\laragon\\www\\DEAH-Booking\\vendor\\laravel\\framework\\src\\Illuminate\\Container\\Container.php(795): Illuminate\\Container\\Container->build('App\\\\Http\\\\Middle...')
#13 C:\\laragon\\www\\DEAH-Booking\\vendor\\laravel\\framework\\src\\Illuminate\\Foundation\\Application.php(961): Illuminate\\Container\\Container->resolve('App\\\\Http\\\\Middle...', Array, true)
#14 C:\\laragon\\www\\DEAH-Booking\\vendor\\laravel\\framework\\src\\Illuminate\\Container\\Container.php(731): Illuminate\\Foundation\\Application->resolve('App\\\\Http\\\\Middle...', Array)
#15 C:\\laragon\\www\\DEAH-Booking\\vendor\\laravel\\framework\\src\\Illuminate\\Foundation\\Application.php(946): Illuminate\\Container\\Container->make('App\\\\Http\\\\Middle...', Array)
#16 C:\\laragon\\www\\DEAH-Booking\\vendor\\laravel\\framework\\src\\Illuminate\\Foundation\\Http\\Kernel.php(255): Illuminate\\Foundation\\Application->make('App\\\\Http\\\\Middle...')
#17 C:\\laragon\\www\\DEAH-Booking\\vendor\\laravel\\framework\\src\\Illuminate\\Foundation\\Http\\Kernel.php(213): Illuminate\\Foundation\\Http\\Kernel->terminateMiddleware(Object(Illuminate\\Http\\Request), Object(Illuminate\\Http\\Response))
#18 C:\\laragon\\www\\DEAH-Booking\\public\\index.php(56): Illuminate\\Foundation\\Http\\Kernel->terminate(Object(Illuminate\\Http\\Request), Object(Illuminate\\Http\\Response))
#19 C:\\laragon\\www\\DEAH-Booking\\vendor\\laravel\\framework\\src\\Illuminate\\Foundation\\resources\\server.php(16): require_once('C:\\\\laragon\\\\www\\\\...')
#20 {main}
"} 
[2024-08-19 05:57:24] production.ERROR: No application encryption key has been specified. {"exception":"[object] (Illuminate\\Encryption\\MissingAppKeyException(code: 0): No application encryption key has been specified. at C:\\laragon\\www\\DEAH-Booking\\vendor\\laravel\\framework\\src\\Illuminate\\Encryption\\EncryptionServiceProvider.php:79)
[stacktrace]
#0 C:\\laragon\\www\\DEAH-Booking\\vendor\\laravel\\framework\\src\\Illuminate\\Support\\helpers.php(307): Illuminate\\Encryption\\EncryptionServiceProvider->Illuminate\\Encryption\\{closure}(NULL)
#1 C:\\laragon\\www\\DEAH-Booking\\vendor\\laravel\\framework\\src\\Illuminate\\Encryption\\EncryptionServiceProvider.php(81): tap(NULL, Object(Closure))
#2 C:\\laragon\\www\\DEAH-Booking\\vendor\\laravel\\framework\\src\\Illuminate\\Encryption\\EncryptionServiceProvider.php(60): Illuminate\\Encryption\\EncryptionServiceProvider->key(Array)
#3 C:\\laragon\\www\\DEAH-Booking\\vendor\\laravel\\framework\\src\\Illuminate\\Encryption\\EncryptionServiceProvider.php(32): Illuminate\\Encryption\\EncryptionServiceProvider->parseKey(Array)
#4 C:\\laragon\\www\\DEAH-Booking\\vendor\\laravel\\framework\\src\\Illuminate\\Container\\Container.php(908): Illuminate\\Encryption\\EncryptionServiceProvider->Illuminate\\Encryption\\{closure}(Object(Illuminate\\Foundation\\Application), Array)
#5 C:\\laragon\\www\\DEAH-Booking\\vendor\\laravel\\framework\\src\\Illuminate\\Container\\Container.php(795): Illuminate\\Container\\Container->build(Object(Closure))
#6 C:\\laragon\\www\\DEAH-Booking\\vendor\\laravel\\framework\\src\\Illuminate\\Foundation\\Application.php(961): Illuminate\\Container\\Container->resolve('encrypter', Array, true)
#7 C:\\laragon\\www\\DEAH-Booking\\vendor\\laravel\\framework\\src\\Illuminate\\Container\\Container.php(731): Illuminate\\Foundation\\Application->resolve('encrypter', Array)
#8 C:\\laragon\\www\\DEAH-Booking\\vendor\\laravel\\framework\\src\\Illuminate\\Foundation\\Application.php(946): Illuminate\\Container\\Container->make('encrypter', Array)
#9 C:\\laragon\\www\\DEAH-Booking\\vendor\\laravel\\framework\\src\\Illuminate\\Container\\Container.php(1066): Illuminate\\Foundation\\Application->make('encrypter')
#10 C:\\laragon\\www\\DEAH-Booking\\vendor\\laravel\\framework\\src\\Illuminate\\Container\\Container.php(982): Illuminate\\Container\\Container->resolveClass(Object(ReflectionParameter))
#11 C:\\laragon\\www\\DEAH-Booking\\vendor\\laravel\\framework\\src\\Illuminate\\Container\\Container.php(943): Illuminate\\Container\\Container->resolveDependencies(Array)
#12 C:\\laragon\\www\\DEAH-Booking\\vendor\\laravel\\framework\\src\\Illuminate\\Container\\Container.php(795): Illuminate\\Container\\Container->build('App\\\\Http\\\\Middle...')
#13 C:\\laragon\\www\\DEAH-Booking\\vendor\\laravel\\framework\\src\\Illuminate\\Foundation\\Application.php(961): Illuminate\\Container\\Container->resolve('App\\\\Http\\\\Middle...', Array, true)
#14 C:\\laragon\\www\\DEAH-Booking\\vendor\\laravel\\framework\\src\\Illuminate\\Container\\Container.php(731): Illuminate\\Foundation\\Application->resolve('App\\\\Http\\\\Middle...', Array)
#15 C:\\laragon\\www\\DEAH-Booking\\vendor\\laravel\\framework\\src\\Illuminate\\Foundation\\Application.php(946): Illuminate\\Container\\Container->make('App\\\\Http\\\\Middle...', Array)
#16 C:\\laragon\\www\\DEAH-Booking\\vendor\\laravel\\framework\\src\\Illuminate\\Pipeline\\Pipeline.php(172): Illuminate\\Foundation\\Application->make('App\\\\Http\\\\Middle...')
#17 C:\\laragon\\www\\DEAH-Booking\\vendor\\laravel\\framework\\src\\Illuminate\\Pipeline\\Pipeline.php(119): Illuminate\\Pipeline\\Pipeline->Illuminate\\Pipeline\\{closure}(Object(Illuminate\\Http\\Request))
#18 C:\\laragon\\www\\DEAH-Booking\\vendor\\laravel\\framework\\src\\Illuminate\\Routing\\Router.php(807): Illuminate\\Pipeline\\Pipeline->then(Object(Closure))
#19 C:\\laragon\\www\\DEAH-Booking\\vendor\\laravel\\framework\\src\\Illuminate\\Routing\\Router.php(784): Illuminate\\Routing\\Router->runRouteWithinStack(Object(Illuminate\\Routing\\Route), Object(Illuminate\\Http\\Request))
#20 C:\\laragon\\www\\DEAH-Booking\\vendor\\laravel\\framework\\src\\Illuminate\\Routing\\Router.php(748): Illuminate\\Routing\\Router->runRoute(Object(Illuminate\\Http\\Request), Object(Illuminate\\Routing\\Route))
#21 C:\\laragon\\www\\DEAH-Booking\\vendor\\laravel\\framework\\src\\Illuminate\\Routing\\Router.php(737): Illuminate\\Routing\\Router->dispatchToRoute(Object(Illuminate\\Http\\Request))
#22 C:\\laragon\\www\\DEAH-Booking\\vendor\\laravel\\framework\\src\\Illuminate\\Foundation\\Http\\Kernel.php(200): Illuminate\\Routing\\Router->dispatch(Object(Illuminate\\Http\\Request))
#23 C:\\laragon\\www\\DEAH-Booking\\vendor\\laravel\\framework\\src\\Illuminate\\Pipeline\\Pipeline.php(144): Illuminate\\Foundation\\Http\\Kernel->Illuminate\\Foundation\\Http\\{closure}(Object(Illuminate\\Http\\Request))
#24 C:\\laragon\\www\\DEAH-Booking\\app\\Http\\Middleware\\CorsMiddleware.php(18): Illuminate\\Pipeline\\Pipeline->Illuminate\\Pipeline\\{closure}(Object(Illuminate\\Http\\Request))
#25 C:\\laragon\\www\\DEAH-Booking\\vendor\\laravel\\framework\\src\\Illuminate\\Pipeline\\Pipeline.php(183): App\\Http\\Middleware\\CorsMiddleware->handle(Object(Illuminate\\Http\\Request), Object(Closure))
#26 C:\\laragon\\www\\DEAH-Booking\\vendor\\laravel\\framework\\src\\Illuminate\\Foundation\\Http\\Middleware\\TransformsRequest.php(21): Illuminate\\Pipeline\\Pipeline->Illuminate\\Pipeline\\{closure}(Object(Illuminate\\Http\\Request))
#27 C:\\laragon\\www\\DEAH-Booking\\vendor\\laravel\\framework\\src\\Illuminate\\Foundation\\Http\\Middleware\\ConvertEmptyStringsToNull.php(31): Illuminate\\Foundation\\Http\\Middleware\\TransformsRequest->handle(Object(Illuminate\\Http\\Request), Object(Closure))
#28 C:\\laragon\\www\\DEAH-Booking\\vendor\\laravel\\framework\\src\\Illuminate\\Pipeline\\Pipeline.php(183): Illuminate\\Foundation\\Http\\Middleware\\ConvertEmptyStringsToNull->handle(Object(Illuminate\\Http\\Request), Object(Closure))
#29 C:\\laragon\\www\\DEAH-Booking\\vendor\\laravel\\framework\\src\\Illuminate\\Foundation\\Http\\Middleware\\TransformsRequest.php(21): Illuminate\\Pipeline\\Pipeline->Illuminate\\Pipeline\\{closure}(Object(Illuminate\\Http\\Request))
#30 C:\\laragon\\www\\DEAH-Booking\\vendor\\laravel\\framework\\src\\Illuminate\\Foundation\\Http\\Middleware\\TrimStrings.php(40): Illuminate\\Foundation\\Http\\Middleware\\TransformsRequest->handle(Object(Illuminate\\Http\\Request), Object(Closure))
#31 C:\\laragon\\www\\DEAH-Booking\\vendor\\laravel\\framework\\src\\Illuminate\\Pipeline\\Pipeline.php(183): Illuminate\\Foundation\\Http\\Middleware\\TrimStrings->handle(Object(Illuminate\\Http\\Request), Object(Closure))
#32 C:\\laragon\\www\\DEAH-Booking\\vendor\\laravel\\framework\\src\\Illuminate\\Foundation\\Http\\Middleware\\ValidatePostSize.php(27): Illuminate\\Pipeline\\Pipeline->Illuminate\\Pipeline\\{closure}(Object(Illuminate\\Http\\Request))
#33 C:\\laragon\\www\\DEAH-Booking\\vendor\\laravel\\framework\\src\\Illuminate\\Pipeline\\Pipeline.php(183): Illuminate\\Foundation\\Http\\Middleware\\ValidatePostSize->handle(Object(Illuminate\\Http\\Request), Object(Closure))
#34 C:\\laragon\\www\\DEAH-Booking\\vendor\\laravel\\framework\\src\\Illuminate\\Foundation\\Http\\Middleware\\PreventRequestsDuringMaintenance.php(99): Illuminate\\Pipeline\\Pipeline->Illuminate\\Pipeline\\{closure}(Object(Illuminate\\Http\\Request))
#35 C:\\laragon\\www\\DEAH-Booking\\vendor\\laravel\\framework\\src\\Illuminate\\Pipeline\\Pipeline.php(183): Illuminate\\Foundation\\Http\\Middleware\\PreventRequestsDuringMaintenance->handle(Object(Illuminate\\Http\\Request), Object(Closure))
#36 C:\\laragon\\www\\DEAH-Booking\\vendor\\laravel\\framework\\src\\Illuminate\\Http\\Middleware\\HandleCors.php(49): Illuminate\\Pipeline\\Pipeline->Illuminate\\Pipeline\\{closure}(Object(Illuminate\\Http\\Request))
#37 C:\\laragon\\www\\DEAH-Booking\\vendor\\laravel\\framework\\src\\Illuminate\\Pipeline\\Pipeline.php(183): Illuminate\\Http\\Middleware\\HandleCors->handle(Object(Illuminate\\Http\\Request), Object(Closure))
#38 C:\\laragon\\www\\DEAH-Booking\\vendor\\laravel\\framework\\src\\Illuminate\\Http\\Middleware\\TrustProxies.php(39): Illuminate\\Pipeline\\Pipeline->Illuminate\\Pipeline\\{closure}(Object(Illuminate\\Http\\Request))
#39 C:\\laragon\\www\\DEAH-Booking\\vendor\\laravel\\framework\\src\\Illuminate\\Pipeline\\Pipeline.php(183): Illuminate\\Http\\Middleware\\TrustProxies->handle(Object(Illuminate\\Http\\Request), Object(Closure))
#40 C:\\laragon\\www\\DEAH-Booking\\vendor\\laravel\\framework\\src\\Illuminate\\Pipeline\\Pipeline.php(119): Illuminate\\Pipeline\\Pipeline->Illuminate\\Pipeline\\{closure}(Object(Illuminate\\Http\\Request))
#41 C:\\laragon\\www\\DEAH-Booking\\vendor\\laravel\\framework\\src\\Illuminate\\Foundation\\Http\\Kernel.php(175): Illuminate\\Pipeline\\Pipeline->then(Object(Closure))
#42 C:\\laragon\\www\\DEAH-Booking\\vendor\\laravel\\framework\\src\\Illuminate\\Foundation\\Http\\Kernel.php(144): Illuminate\\Foundation\\Http\\Kernel->sendRequestThroughRouter(Object(Illuminate\\Http\\Request))
#43 C:\\laragon\\www\\DEAH-Booking\\public\\index.php(53): Illuminate\\Foundation\\Http\\Kernel->handle(Object(Illuminate\\Http\\Request))
#44 C:\\laragon\\www\\DEAH-Booking\\vendor\\laravel\\framework\\src\\Illuminate\\Foundation\\resources\\server.php(16): require_once('C:\\\\laragon\\\\www\\\\...')
#45 {main}
"} 
[2024-08-19 05:57:24] production.ERROR: No application encryption key has been specified. {"exception":"[object] (Illuminate\\Encryption\\MissingAppKeyException(code: 0): No application encryption key has been specified. at C:\\laragon\\www\\DEAH-Booking\\vendor\\laravel\\framework\\src\\Illuminate\\Encryption\\EncryptionServiceProvider.php:79)
[stacktrace]
#0 C:\\laragon\\www\\DEAH-Booking\\vendor\\laravel\\framework\\src\\Illuminate\\Support\\helpers.php(307): Illuminate\\Encryption\\EncryptionServiceProvider->Illuminate\\Encryption\\{closure}(NULL)
#1 C:\\laragon\\www\\DEAH-Booking\\vendor\\laravel\\framework\\src\\Illuminate\\Encryption\\EncryptionServiceProvider.php(81): tap(NULL, Object(Closure))
#2 C:\\laragon\\www\\DEAH-Booking\\vendor\\laravel\\framework\\src\\Illuminate\\Encryption\\EncryptionServiceProvider.php(60): Illuminate\\Encryption\\EncryptionServiceProvider->key(Array)
#3 C:\\laragon\\www\\DEAH-Booking\\vendor\\laravel\\framework\\src\\Illuminate\\Encryption\\EncryptionServiceProvider.php(32): Illuminate\\Encryption\\EncryptionServiceProvider->parseKey(Array)
#4 C:\\laragon\\www\\DEAH-Booking\\vendor\\laravel\\framework\\src\\Illuminate\\Container\\Container.php(908): Illuminate\\Encryption\\EncryptionServiceProvider->Illuminate\\Encryption\\{closure}(Object(Illuminate\\Foundation\\Application), Array)
#5 C:\\laragon\\www\\DEAH-Booking\\vendor\\laravel\\framework\\src\\Illuminate\\Container\\Container.php(795): Illuminate\\Container\\Container->build(Object(Closure))
#6 C:\\laragon\\www\\DEAH-Booking\\vendor\\laravel\\framework\\src\\Illuminate\\Foundation\\Application.php(961): Illuminate\\Container\\Container->resolve('encrypter', Array, true)
#7 C:\\laragon\\www\\DEAH-Booking\\vendor\\laravel\\framework\\src\\Illuminate\\Container\\Container.php(731): Illuminate\\Foundation\\Application->resolve('encrypter', Array)
#8 C:\\laragon\\www\\DEAH-Booking\\vendor\\laravel\\framework\\src\\Illuminate\\Foundation\\Application.php(946): Illuminate\\Container\\Container->make('encrypter', Array)
#9 C:\\laragon\\www\\DEAH-Booking\\vendor\\laravel\\framework\\src\\Illuminate\\Container\\Container.php(1066): Illuminate\\Foundation\\Application->make('encrypter')
#10 C:\\laragon\\www\\DEAH-Booking\\vendor\\laravel\\framework\\src\\Illuminate\\Container\\Container.php(982): Illuminate\\Container\\Container->resolveClass(Object(ReflectionParameter))
#11 C:\\laragon\\www\\DEAH-Booking\\vendor\\laravel\\framework\\src\\Illuminate\\Container\\Container.php(943): Illuminate\\Container\\Container->resolveDependencies(Array)
#12 C:\\laragon\\www\\DEAH-Booking\\vendor\\laravel\\framework\\src\\Illuminate\\Container\\Container.php(795): Illuminate\\Container\\Container->build('App\\\\Http\\\\Middle...')
#13 C:\\laragon\\www\\DEAH-Booking\\vendor\\laravel\\framework\\src\\Illuminate\\Foundation\\Application.php(961): Illuminate\\Container\\Container->resolve('App\\\\Http\\\\Middle...', Array, true)
#14 C:\\laragon\\www\\DEAH-Booking\\vendor\\laravel\\framework\\src\\Illuminate\\Container\\Container.php(731): Illuminate\\Foundation\\Application->resolve('App\\\\Http\\\\Middle...', Array)
#15 C:\\laragon\\www\\DEAH-Booking\\vendor\\laravel\\framework\\src\\Illuminate\\Foundation\\Application.php(946): Illuminate\\Container\\Container->make('App\\\\Http\\\\Middle...', Array)
#16 C:\\laragon\\www\\DEAH-Booking\\vendor\\laravel\\framework\\src\\Illuminate\\Foundation\\Http\\Kernel.php(255): Illuminate\\Foundation\\Application->make('App\\\\Http\\\\Middle...')
#17 C:\\laragon\\www\\DEAH-Booking\\vendor\\laravel\\framework\\src\\Illuminate\\Foundation\\Http\\Kernel.php(213): Illuminate\\Foundation\\Http\\Kernel->terminateMiddleware(Object(Illuminate\\Http\\Request), Object(Illuminate\\Http\\Response))
#18 C:\\laragon\\www\\DEAH-Booking\\public\\index.php(56): Illuminate\\Foundation\\Http\\Kernel->terminate(Object(Illuminate\\Http\\Request), Object(Illuminate\\Http\\Response))
#19 C:\\laragon\\www\\DEAH-Booking\\vendor\\laravel\\framework\\src\\Illuminate\\Foundation\\resources\\server.php(16): require_once('C:\\\\laragon\\\\www\\\\...')
#20 {main}
"} 
[2024-08-19 08:11:51] production.ERROR: Command "sẻ" is not defined. {"exception":"[object] (Symfony\\Component\\Console\\Exception\\CommandNotFoundException(code: 0): Command \"sẻ\" is not defined. at C:\\laragon\\www\\DEAH-Booking\\vendor\\symfony\\console\\Application.php:737)
[stacktrace]
#0 C:\\laragon\\www\\DEAH-Booking\\vendor\\symfony\\console\\Application.php(266): Symfony\\Component\\Console\\Application->find('s\\xE1\\xBA\\xBB')
#1 C:\\laragon\\www\\DEAH-Booking\\vendor\\symfony\\console\\Application.php(175): Symfony\\Component\\Console\\Application->doRun(Object(Symfony\\Component\\Console\\Input\\ArgvInput), Object(Symfony\\Component\\Console\\Output\\ConsoleOutput))
#2 C:\\laragon\\www\\DEAH-Booking\\vendor\\laravel\\framework\\src\\Illuminate\\Foundation\\Console\\Kernel.php(201): Symfony\\Component\\Console\\Application->run(Object(Symfony\\Component\\Console\\Input\\ArgvInput), Object(Symfony\\Component\\Console\\Output\\ConsoleOutput))
#3 C:\\laragon\\www\\DEAH-Booking\\artisan(38): Illuminate\\Foundation\\Console\\Kernel->handle(Object(Symfony\\Component\\Console\\Input\\ArgvInput), Object(Symfony\\Component\\Console\\Output\\ConsoleOutput))
#4 {main}
"} 
[2024-08-19 08:53:04] production.ERROR: No application encryption key has been specified. {"exception":"[object] (Illuminate\\Encryption\\MissingAppKeyException(code: 0): No application encryption key has been specified. at C:\\laragon\\www\\DEAH-Booking\\vendor\\laravel\\framework\\src\\Illuminate\\Encryption\\EncryptionServiceProvider.php:79)
[stacktrace]
#0 C:\\laragon\\www\\DEAH-Booking\\vendor\\laravel\\framework\\src\\Illuminate\\Support\\helpers.php(307): Illuminate\\Encryption\\EncryptionServiceProvider->Illuminate\\Encryption\\{closure}(NULL)
#1 C:\\laragon\\www\\DEAH-Booking\\vendor\\laravel\\framework\\src\\Illuminate\\Encryption\\EncryptionServiceProvider.php(81): tap(NULL, Object(Closure))
#2 C:\\laragon\\www\\DEAH-Booking\\vendor\\laravel\\framework\\src\\Illuminate\\Encryption\\EncryptionServiceProvider.php(60): Illuminate\\Encryption\\EncryptionServiceProvider->key(Array)
#3 C:\\laragon\\www\\DEAH-Booking\\vendor\\laravel\\framework\\src\\Illuminate\\Encryption\\EncryptionServiceProvider.php(32): Illuminate\\Encryption\\EncryptionServiceProvider->parseKey(Array)
#4 C:\\laragon\\www\\DEAH-Booking\\vendor\\laravel\\framework\\src\\Illuminate\\Container\\Container.php(908): Illuminate\\Encryption\\EncryptionServiceProvider->Illuminate\\Encryption\\{closure}(Object(Illuminate\\Foundation\\Application), Array)
#5 C:\\laragon\\www\\DEAH-Booking\\vendor\\laravel\\framework\\src\\Illuminate\\Container\\Container.php(795): Illuminate\\Container\\Container->build(Object(Closure))
#6 C:\\laragon\\www\\DEAH-Booking\\vendor\\laravel\\framework\\src\\Illuminate\\Foundation\\Application.php(961): Illuminate\\Container\\Container->resolve('encrypter', Array, true)
#7 C:\\laragon\\www\\DEAH-Booking\\vendor\\laravel\\framework\\src\\Illuminate\\Container\\Container.php(731): Illuminate\\Foundation\\Application->resolve('encrypter', Array)
#8 C:\\laragon\\www\\DEAH-Booking\\vendor\\laravel\\framework\\src\\Illuminate\\Foundation\\Application.php(946): Illuminate\\Container\\Container->make('encrypter', Array)
#9 C:\\laragon\\www\\DEAH-Booking\\vendor\\laravel\\framework\\src\\Illuminate\\Container\\Container.php(1066): Illuminate\\Foundation\\Application->make('encrypter')
#10 C:\\laragon\\www\\DEAH-Booking\\vendor\\laravel\\framework\\src\\Illuminate\\Container\\Container.php(982): Illuminate\\Container\\Container->resolveClass(Object(ReflectionParameter))
#11 C:\\laragon\\www\\DEAH-Booking\\vendor\\laravel\\framework\\src\\Illuminate\\Container\\Container.php(943): Illuminate\\Container\\Container->resolveDependencies(Array)
#12 C:\\laragon\\www\\DEAH-Booking\\vendor\\laravel\\framework\\src\\Illuminate\\Container\\Container.php(795): Illuminate\\Container\\Container->build('App\\\\Http\\\\Middle...')
#13 C:\\laragon\\www\\DEAH-Booking\\vendor\\laravel\\framework\\src\\Illuminate\\Foundation\\Application.php(961): Illuminate\\Container\\Container->resolve('App\\\\Http\\\\Middle...', Array, true)
#14 C:\\laragon\\www\\DEAH-Booking\\vendor\\laravel\\framework\\src\\Illuminate\\Container\\Container.php(731): Illuminate\\Foundation\\Application->resolve('App\\\\Http\\\\Middle...', Array)
#15 C:\\laragon\\www\\DEAH-Booking\\vendor\\laravel\\framework\\src\\Illuminate\\Foundation\\Application.php(946): Illuminate\\Container\\Container->make('App\\\\Http\\\\Middle...', Array)
#16 C:\\laragon\\www\\DEAH-Booking\\vendor\\laravel\\framework\\src\\Illuminate\\Pipeline\\Pipeline.php(172): Illuminate\\Foundation\\Application->make('App\\\\Http\\\\Middle...')
#17 C:\\laragon\\www\\DEAH-Booking\\vendor\\laravel\\framework\\src\\Illuminate\\Pipeline\\Pipeline.php(119): Illuminate\\Pipeline\\Pipeline->Illuminate\\Pipeline\\{closure}(Object(Illuminate\\Http\\Request))
#18 C:\\laragon\\www\\DEAH-Booking\\vendor\\laravel\\framework\\src\\Illuminate\\Routing\\Router.php(807): Illuminate\\Pipeline\\Pipeline->then(Object(Closure))
#19 C:\\laragon\\www\\DEAH-Booking\\vendor\\laravel\\framework\\src\\Illuminate\\Routing\\Router.php(784): Illuminate\\Routing\\Router->runRouteWithinStack(Object(Illuminate\\Routing\\Route), Object(Illuminate\\Http\\Request))
#20 C:\\laragon\\www\\DEAH-Booking\\vendor\\laravel\\framework\\src\\Illuminate\\Routing\\Router.php(748): Illuminate\\Routing\\Router->runRoute(Object(Illuminate\\Http\\Request), Object(Illuminate\\Routing\\Route))
#21 C:\\laragon\\www\\DEAH-Booking\\vendor\\laravel\\framework\\src\\Illuminate\\Routing\\Router.php(737): Illuminate\\Routing\\Router->dispatchToRoute(Object(Illuminate\\Http\\Request))
#22 C:\\laragon\\www\\DEAH-Booking\\vendor\\laravel\\framework\\src\\Illuminate\\Foundation\\Http\\Kernel.php(200): Illuminate\\Routing\\Router->dispatch(Object(Illuminate\\Http\\Request))
#23 C:\\laragon\\www\\DEAH-Booking\\vendor\\laravel\\framework\\src\\Illuminate\\Pipeline\\Pipeline.php(144): Illuminate\\Foundation\\Http\\Kernel->Illuminate\\Foundation\\Http\\{closure}(Object(Illuminate\\Http\\Request))
#24 C:\\laragon\\www\\DEAH-Booking\\app\\Http\\Middleware\\CorsMiddleware.php(18): Illuminate\\Pipeline\\Pipeline->Illuminate\\Pipeline\\{closure}(Object(Illuminate\\Http\\Request))
#25 C:\\laragon\\www\\DEAH-Booking\\vendor\\laravel\\framework\\src\\Illuminate\\Pipeline\\Pipeline.php(183): App\\Http\\Middleware\\CorsMiddleware->handle(Object(Illuminate\\Http\\Request), Object(Closure))
#26 C:\\laragon\\www\\DEAH-Booking\\vendor\\laravel\\framework\\src\\Illuminate\\Foundation\\Http\\Middleware\\TransformsRequest.php(21): Illuminate\\Pipeline\\Pipeline->Illuminate\\Pipeline\\{closure}(Object(Illuminate\\Http\\Request))
#27 C:\\laragon\\www\\DEAH-Booking\\vendor\\laravel\\framework\\src\\Illuminate\\Foundation\\Http\\Middleware\\ConvertEmptyStringsToNull.php(31): Illuminate\\Foundation\\Http\\Middleware\\TransformsRequest->handle(Object(Illuminate\\Http\\Request), Object(Closure))
#28 C:\\laragon\\www\\DEAH-Booking\\vendor\\laravel\\framework\\src\\Illuminate\\Pipeline\\Pipeline.php(183): Illuminate\\Foundation\\Http\\Middleware\\ConvertEmptyStringsToNull->handle(Object(Illuminate\\Http\\Request), Object(Closure))
#29 C:\\laragon\\www\\DEAH-Booking\\vendor\\laravel\\framework\\src\\Illuminate\\Foundation\\Http\\Middleware\\TransformsRequest.php(21): Illuminate\\Pipeline\\Pipeline->Illuminate\\Pipeline\\{closure}(Object(Illuminate\\Http\\Request))
#30 C:\\laragon\\www\\DEAH-Booking\\vendor\\laravel\\framework\\src\\Illuminate\\Foundation\\Http\\Middleware\\TrimStrings.php(40): Illuminate\\Foundation\\Http\\Middleware\\TransformsRequest->handle(Object(Illuminate\\Http\\Request), Object(Closure))
#31 C:\\laragon\\www\\DEAH-Booking\\vendor\\laravel\\framework\\src\\Illuminate\\Pipeline\\Pipeline.php(183): Illuminate\\Foundation\\Http\\Middleware\\TrimStrings->handle(Object(Illuminate\\Http\\Request), Object(Closure))
#32 C:\\laragon\\www\\DEAH-Booking\\vendor\\laravel\\framework\\src\\Illuminate\\Foundation\\Http\\Middleware\\ValidatePostSize.php(27): Illuminate\\Pipeline\\Pipeline->Illuminate\\Pipeline\\{closure}(Object(Illuminate\\Http\\Request))
#33 C:\\laragon\\www\\DEAH-Booking\\vendor\\laravel\\framework\\src\\Illuminate\\Pipeline\\Pipeline.php(183): Illuminate\\Foundation\\Http\\Middleware\\ValidatePostSize->handle(Object(Illuminate\\Http\\Request), Object(Closure))
#34 C:\\laragon\\www\\DEAH-Booking\\vendor\\laravel\\framework\\src\\Illuminate\\Foundation\\Http\\Middleware\\PreventRequestsDuringMaintenance.php(99): Illuminate\\Pipeline\\Pipeline->Illuminate\\Pipeline\\{closure}(Object(Illuminate\\Http\\Request))
#35 C:\\laragon\\www\\DEAH-Booking\\vendor\\laravel\\framework\\src\\Illuminate\\Pipeline\\Pipeline.php(183): Illuminate\\Foundation\\Http\\Middleware\\PreventRequestsDuringMaintenance->handle(Object(Illuminate\\Http\\Request), Object(Closure))
#36 C:\\laragon\\www\\DEAH-Booking\\vendor\\laravel\\framework\\src\\Illuminate\\Http\\Middleware\\HandleCors.php(49): Illuminate\\Pipeline\\Pipeline->Illuminate\\Pipeline\\{closure}(Object(Illuminate\\Http\\Request))
#37 C:\\laragon\\www\\DEAH-Booking\\vendor\\laravel\\framework\\src\\Illuminate\\Pipeline\\Pipeline.php(183): Illuminate\\Http\\Middleware\\HandleCors->handle(Object(Illuminate\\Http\\Request), Object(Closure))
#38 C:\\laragon\\www\\DEAH-Booking\\vendor\\laravel\\framework\\src\\Illuminate\\Http\\Middleware\\TrustProxies.php(39): Illuminate\\Pipeline\\Pipeline->Illuminate\\Pipeline\\{closure}(Object(Illuminate\\Http\\Request))
#39 C:\\laragon\\www\\DEAH-Booking\\vendor\\laravel\\framework\\src\\Illuminate\\Pipeline\\Pipeline.php(183): Illuminate\\Http\\Middleware\\TrustProxies->handle(Object(Illuminate\\Http\\Request), Object(Closure))
#40 C:\\laragon\\www\\DEAH-Booking\\vendor\\laravel\\framework\\src\\Illuminate\\Pipeline\\Pipeline.php(119): Illuminate\\Pipeline\\Pipeline->Illuminate\\Pipeline\\{closure}(Object(Illuminate\\Http\\Request))
#41 C:\\laragon\\www\\DEAH-Booking\\vendor\\laravel\\framework\\src\\Illuminate\\Foundation\\Http\\Kernel.php(175): Illuminate\\Pipeline\\Pipeline->then(Object(Closure))
#42 C:\\laragon\\www\\DEAH-Booking\\vendor\\laravel\\framework\\src\\Illuminate\\Foundation\\Http\\Kernel.php(144): Illuminate\\Foundation\\Http\\Kernel->sendRequestThroughRouter(Object(Illuminate\\Http\\Request))
#43 C:\\laragon\\www\\DEAH-Booking\\public\\index.php(53): Illuminate\\Foundation\\Http\\Kernel->handle(Object(Illuminate\\Http\\Request))
#44 C:\\laragon\\www\\DEAH-Booking\\vendor\\laravel\\framework\\src\\Illuminate\\Foundation\\resources\\server.php(16): require_once('C:\\\\laragon\\\\www\\\\...')
#45 {main}
"} 
[2024-08-19 08:53:04] production.ERROR: No application encryption key has been specified. {"exception":"[object] (Illuminate\\Encryption\\MissingAppKeyException(code: 0): No application encryption key has been specified. at C:\\laragon\\www\\DEAH-Booking\\vendor\\laravel\\framework\\src\\Illuminate\\Encryption\\EncryptionServiceProvider.php:79)
[stacktrace]
#0 C:\\laragon\\www\\DEAH-Booking\\vendor\\laravel\\framework\\src\\Illuminate\\Support\\helpers.php(307): Illuminate\\Encryption\\EncryptionServiceProvider->Illuminate\\Encryption\\{closure}(NULL)
#1 C:\\laragon\\www\\DEAH-Booking\\vendor\\laravel\\framework\\src\\Illuminate\\Encryption\\EncryptionServiceProvider.php(81): tap(NULL, Object(Closure))
#2 C:\\laragon\\www\\DEAH-Booking\\vendor\\laravel\\framework\\src\\Illuminate\\Encryption\\EncryptionServiceProvider.php(60): Illuminate\\Encryption\\EncryptionServiceProvider->key(Array)
#3 C:\\laragon\\www\\DEAH-Booking\\vendor\\laravel\\framework\\src\\Illuminate\\Encryption\\EncryptionServiceProvider.php(32): Illuminate\\Encryption\\EncryptionServiceProvider->parseKey(Array)
#4 C:\\laragon\\www\\DEAH-Booking\\vendor\\laravel\\framework\\src\\Illuminate\\Container\\Container.php(908): Illuminate\\Encryption\\EncryptionServiceProvider->Illuminate\\Encryption\\{closure}(Object(Illuminate\\Foundation\\Application), Array)
#5 C:\\laragon\\www\\DEAH-Booking\\vendor\\laravel\\framework\\src\\Illuminate\\Container\\Container.php(795): Illuminate\\Container\\Container->build(Object(Closure))
#6 C:\\laragon\\www\\DEAH-Booking\\vendor\\laravel\\framework\\src\\Illuminate\\Foundation\\Application.php(961): Illuminate\\Container\\Container->resolve('encrypter', Array, true)
#7 C:\\laragon\\www\\DEAH-Booking\\vendor\\laravel\\framework\\src\\Illuminate\\Container\\Container.php(731): Illuminate\\Foundation\\Application->resolve('encrypter', Array)
#8 C:\\laragon\\www\\DEAH-Booking\\vendor\\laravel\\framework\\src\\Illuminate\\Foundation\\Application.php(946): Illuminate\\Container\\Container->make('encrypter', Array)
#9 C:\\laragon\\www\\DEAH-Booking\\vendor\\laravel\\framework\\src\\Illuminate\\Container\\Container.php(1066): Illuminate\\Foundation\\Application->make('encrypter')
#10 C:\\laragon\\www\\DEAH-Booking\\vendor\\laravel\\framework\\src\\Illuminate\\Container\\Container.php(982): Illuminate\\Container\\Container->resolveClass(Object(ReflectionParameter))
#11 C:\\laragon\\www\\DEAH-Booking\\vendor\\laravel\\framework\\src\\Illuminate\\Container\\Container.php(943): Illuminate\\Container\\Container->resolveDependencies(Array)
#12 C:\\laragon\\www\\DEAH-Booking\\vendor\\laravel\\framework\\src\\Illuminate\\Container\\Container.php(795): Illuminate\\Container\\Container->build('App\\\\Http\\\\Middle...')
#13 C:\\laragon\\www\\DEAH-Booking\\vendor\\laravel\\framework\\src\\Illuminate\\Foundation\\Application.php(961): Illuminate\\Container\\Container->resolve('App\\\\Http\\\\Middle...', Array, true)
#14 C:\\laragon\\www\\DEAH-Booking\\vendor\\laravel\\framework\\src\\Illuminate\\Container\\Container.php(731): Illuminate\\Foundation\\Application->resolve('App\\\\Http\\\\Middle...', Array)
#15 C:\\laragon\\www\\DEAH-Booking\\vendor\\laravel\\framework\\src\\Illuminate\\Foundation\\Application.php(946): Illuminate\\Container\\Container->make('App\\\\Http\\\\Middle...', Array)
#16 C:\\laragon\\www\\DEAH-Booking\\vendor\\laravel\\framework\\src\\Illuminate\\Foundation\\Http\\Kernel.php(255): Illuminate\\Foundation\\Application->make('App\\\\Http\\\\Middle...')
#17 C:\\laragon\\www\\DEAH-Booking\\vendor\\laravel\\framework\\src\\Illuminate\\Foundation\\Http\\Kernel.php(213): Illuminate\\Foundation\\Http\\Kernel->terminateMiddleware(Object(Illuminate\\Http\\Request), Object(Illuminate\\Http\\Response))
#18 C:\\laragon\\www\\DEAH-Booking\\public\\index.php(56): Illuminate\\Foundation\\Http\\Kernel->terminate(Object(Illuminate\\Http\\Request), Object(Illuminate\\Http\\Response))
#19 C:\\laragon\\www\\DEAH-Booking\\vendor\\laravel\\framework\\src\\Illuminate\\Foundation\\resources\\server.php(16): require_once('C:\\\\laragon\\\\www\\\\...')
#20 {main}
"} 
[2024-08-19 09:27:50] production.ERROR: No application encryption key has been specified. {"exception":"[object] (Illuminate\\Encryption\\MissingAppKeyException(code: 0): No application encryption key has been specified. at C:\\laragon\\www\\DEAH-Booking\\vendor\\laravel\\framework\\src\\Illuminate\\Encryption\\EncryptionServiceProvider.php:79)
[stacktrace]
#0 C:\\laragon\\www\\DEAH-Booking\\vendor\\laravel\\framework\\src\\Illuminate\\Support\\helpers.php(307): Illuminate\\Encryption\\EncryptionServiceProvider->Illuminate\\Encryption\\{closure}(NULL)
#1 C:\\laragon\\www\\DEAH-Booking\\vendor\\laravel\\framework\\src\\Illuminate\\Encryption\\EncryptionServiceProvider.php(81): tap(NULL, Object(Closure))
#2 C:\\laragon\\www\\DEAH-Booking\\vendor\\laravel\\framework\\src\\Illuminate\\Encryption\\EncryptionServiceProvider.php(60): Illuminate\\Encryption\\EncryptionServiceProvider->key(Array)
#3 C:\\laragon\\www\\DEAH-Booking\\vendor\\laravel\\framework\\src\\Illuminate\\Encryption\\EncryptionServiceProvider.php(32): Illuminate\\Encryption\\EncryptionServiceProvider->parseKey(Array)
#4 C:\\laragon\\www\\DEAH-Booking\\vendor\\laravel\\framework\\src\\Illuminate\\Container\\Container.php(908): Illuminate\\Encryption\\EncryptionServiceProvider->Illuminate\\Encryption\\{closure}(Object(Illuminate\\Foundation\\Application), Array)
#5 C:\\laragon\\www\\DEAH-Booking\\vendor\\laravel\\framework\\src\\Illuminate\\Container\\Container.php(795): Illuminate\\Container\\Container->build(Object(Closure))
#6 C:\\laragon\\www\\DEAH-Booking\\vendor\\laravel\\framework\\src\\Illuminate\\Foundation\\Application.php(961): Illuminate\\Container\\Container->resolve('encrypter', Array, true)
#7 C:\\laragon\\www\\DEAH-Booking\\vendor\\laravel\\framework\\src\\Illuminate\\Container\\Container.php(731): Illuminate\\Foundation\\Application->resolve('encrypter', Array)
#8 C:\\laragon\\www\\DEAH-Booking\\vendor\\laravel\\framework\\src\\Illuminate\\Foundation\\Application.php(946): Illuminate\\Container\\Container->make('encrypter', Array)
#9 C:\\laragon\\www\\DEAH-Booking\\vendor\\laravel\\framework\\src\\Illuminate\\Container\\Container.php(1066): Illuminate\\Foundation\\Application->make('encrypter')
#10 C:\\laragon\\www\\DEAH-Booking\\vendor\\laravel\\framework\\src\\Illuminate\\Container\\Container.php(982): Illuminate\\Container\\Container->resolveClass(Object(ReflectionParameter))
#11 C:\\laragon\\www\\DEAH-Booking\\vendor\\laravel\\framework\\src\\Illuminate\\Container\\Container.php(943): Illuminate\\Container\\Container->resolveDependencies(Array)
#12 C:\\laragon\\www\\DEAH-Booking\\vendor\\laravel\\framework\\src\\Illuminate\\Container\\Container.php(795): Illuminate\\Container\\Container->build('App\\\\Http\\\\Middle...')
#13 C:\\laragon\\www\\DEAH-Booking\\vendor\\laravel\\framework\\src\\Illuminate\\Foundation\\Application.php(961): Illuminate\\Container\\Container->resolve('App\\\\Http\\\\Middle...', Array, true)
#14 C:\\laragon\\www\\DEAH-Booking\\vendor\\laravel\\framework\\src\\Illuminate\\Container\\Container.php(731): Illuminate\\Foundation\\Application->resolve('App\\\\Http\\\\Middle...', Array)
#15 C:\\laragon\\www\\DEAH-Booking\\vendor\\laravel\\framework\\src\\Illuminate\\Foundation\\Application.php(946): Illuminate\\Container\\Container->make('App\\\\Http\\\\Middle...', Array)
#16 C:\\laragon\\www\\DEAH-Booking\\vendor\\laravel\\framework\\src\\Illuminate\\Pipeline\\Pipeline.php(172): Illuminate\\Foundation\\Application->make('App\\\\Http\\\\Middle...')
#17 C:\\laragon\\www\\DEAH-Booking\\vendor\\laravel\\framework\\src\\Illuminate\\Pipeline\\Pipeline.php(119): Illuminate\\Pipeline\\Pipeline->Illuminate\\Pipeline\\{closure}(Object(Illuminate\\Http\\Request))
#18 C:\\laragon\\www\\DEAH-Booking\\vendor\\laravel\\framework\\src\\Illuminate\\Routing\\Router.php(807): Illuminate\\Pipeline\\Pipeline->then(Object(Closure))
#19 C:\\laragon\\www\\DEAH-Booking\\vendor\\laravel\\framework\\src\\Illuminate\\Routing\\Router.php(784): Illuminate\\Routing\\Router->runRouteWithinStack(Object(Illuminate\\Routing\\Route), Object(Illuminate\\Http\\Request))
#20 C:\\laragon\\www\\DEAH-Booking\\vendor\\laravel\\framework\\src\\Illuminate\\Routing\\Router.php(748): Illuminate\\Routing\\Router->runRoute(Object(Illuminate\\Http\\Request), Object(Illuminate\\Routing\\Route))
#21 C:\\laragon\\www\\DEAH-Booking\\vendor\\laravel\\framework\\src\\Illuminate\\Routing\\Router.php(737): Illuminate\\Routing\\Router->dispatchToRoute(Object(Illuminate\\Http\\Request))
#22 C:\\laragon\\www\\DEAH-Booking\\vendor\\laravel\\framework\\src\\Illuminate\\Foundation\\Http\\Kernel.php(200): Illuminate\\Routing\\Router->dispatch(Object(Illuminate\\Http\\Request))
#23 C:\\laragon\\www\\DEAH-Booking\\vendor\\laravel\\framework\\src\\Illuminate\\Pipeline\\Pipeline.php(144): Illuminate\\Foundation\\Http\\Kernel->Illuminate\\Foundation\\Http\\{closure}(Object(Illuminate\\Http\\Request))
#24 C:\\laragon\\www\\DEAH-Booking\\app\\Http\\Middleware\\CorsMiddleware.php(18): Illuminate\\Pipeline\\Pipeline->Illuminate\\Pipeline\\{closure}(Object(Illuminate\\Http\\Request))
#25 C:\\laragon\\www\\DEAH-Booking\\vendor\\laravel\\framework\\src\\Illuminate\\Pipeline\\Pipeline.php(183): App\\Http\\Middleware\\CorsMiddleware->handle(Object(Illuminate\\Http\\Request), Object(Closure))
#26 C:\\laragon\\www\\DEAH-Booking\\vendor\\laravel\\framework\\src\\Illuminate\\Foundation\\Http\\Middleware\\TransformsRequest.php(21): Illuminate\\Pipeline\\Pipeline->Illuminate\\Pipeline\\{closure}(Object(Illuminate\\Http\\Request))
#27 C:\\laragon\\www\\DEAH-Booking\\vendor\\laravel\\framework\\src\\Illuminate\\Foundation\\Http\\Middleware\\ConvertEmptyStringsToNull.php(31): Illuminate\\Foundation\\Http\\Middleware\\TransformsRequest->handle(Object(Illuminate\\Http\\Request), Object(Closure))
#28 C:\\laragon\\www\\DEAH-Booking\\vendor\\laravel\\framework\\src\\Illuminate\\Pipeline\\Pipeline.php(183): Illuminate\\Foundation\\Http\\Middleware\\ConvertEmptyStringsToNull->handle(Object(Illuminate\\Http\\Request), Object(Closure))
#29 C:\\laragon\\www\\DEAH-Booking\\vendor\\laravel\\framework\\src\\Illuminate\\Foundation\\Http\\Middleware\\TransformsRequest.php(21): Illuminate\\Pipeline\\Pipeline->Illuminate\\Pipeline\\{closure}(Object(Illuminate\\Http\\Request))
#30 C:\\laragon\\www\\DEAH-Booking\\vendor\\laravel\\framework\\src\\Illuminate\\Foundation\\Http\\Middleware\\TrimStrings.php(40): Illuminate\\Foundation\\Http\\Middleware\\TransformsRequest->handle(Object(Illuminate\\Http\\Request), Object(Closure))
#31 C:\\laragon\\www\\DEAH-Booking\\vendor\\laravel\\framework\\src\\Illuminate\\Pipeline\\Pipeline.php(183): Illuminate\\Foundation\\Http\\Middleware\\TrimStrings->handle(Object(Illuminate\\Http\\Request), Object(Closure))
#32 C:\\laragon\\www\\DEAH-Booking\\vendor\\laravel\\framework\\src\\Illuminate\\Foundation\\Http\\Middleware\\ValidatePostSize.php(27): Illuminate\\Pipeline\\Pipeline->Illuminate\\Pipeline\\{closure}(Object(Illuminate\\Http\\Request))
#33 C:\\laragon\\www\\DEAH-Booking\\vendor\\laravel\\framework\\src\\Illuminate\\Pipeline\\Pipeline.php(183): Illuminate\\Foundation\\Http\\Middleware\\ValidatePostSize->handle(Object(Illuminate\\Http\\Request), Object(Closure))
#34 C:\\laragon\\www\\DEAH-Booking\\vendor\\laravel\\framework\\src\\Illuminate\\Foundation\\Http\\Middleware\\PreventRequestsDuringMaintenance.php(99): Illuminate\\Pipeline\\Pipeline->Illuminate\\Pipeline\\{closure}(Object(Illuminate\\Http\\Request))
#35 C:\\laragon\\www\\DEAH-Booking\\vendor\\laravel\\framework\\src\\Illuminate\\Pipeline\\Pipeline.php(183): Illuminate\\Foundation\\Http\\Middleware\\PreventRequestsDuringMaintenance->handle(Object(Illuminate\\Http\\Request), Object(Closure))
#36 C:\\laragon\\www\\DEAH-Booking\\vendor\\laravel\\framework\\src\\Illuminate\\Http\\Middleware\\HandleCors.php(49): Illuminate\\Pipeline\\Pipeline->Illuminate\\Pipeline\\{closure}(Object(Illuminate\\Http\\Request))
#37 C:\\laragon\\www\\DEAH-Booking\\vendor\\laravel\\framework\\src\\Illuminate\\Pipeline\\Pipeline.php(183): Illuminate\\Http\\Middleware\\HandleCors->handle(Object(Illuminate\\Http\\Request), Object(Closure))
#38 C:\\laragon\\www\\DEAH-Booking\\vendor\\laravel\\framework\\src\\Illuminate\\Http\\Middleware\\TrustProxies.php(39): Illuminate\\Pipeline\\Pipeline->Illuminate\\Pipeline\\{closure}(Object(Illuminate\\Http\\Request))
#39 C:\\laragon\\www\\DEAH-Booking\\vendor\\laravel\\framework\\src\\Illuminate\\Pipeline\\Pipeline.php(183): Illuminate\\Http\\Middleware\\TrustProxies->handle(Object(Illuminate\\Http\\Request), Object(Closure))
#40 C:\\laragon\\www\\DEAH-Booking\\vendor\\laravel\\framework\\src\\Illuminate\\Pipeline\\Pipeline.php(119): Illuminate\\Pipeline\\Pipeline->Illuminate\\Pipeline\\{closure}(Object(Illuminate\\Http\\Request))
#41 C:\\laragon\\www\\DEAH-Booking\\vendor\\laravel\\framework\\src\\Illuminate\\Foundation\\Http\\Kernel.php(175): Illuminate\\Pipeline\\Pipeline->then(Object(Closure))
#42 C:\\laragon\\www\\DEAH-Booking\\vendor\\laravel\\framework\\src\\Illuminate\\Foundation\\Http\\Kernel.php(144): Illuminate\\Foundation\\Http\\Kernel->sendRequestThroughRouter(Object(Illuminate\\Http\\Request))
#43 C:\\laragon\\www\\DEAH-Booking\\public\\index.php(53): Illuminate\\Foundation\\Http\\Kernel->handle(Object(Illuminate\\Http\\Request))
#44 C:\\laragon\\www\\DEAH-Booking\\vendor\\laravel\\framework\\src\\Illuminate\\Foundation\\resources\\server.php(16): require_once('C:\\\\laragon\\\\www\\\\...')
#45 {main}
"} 
[2024-08-19 09:27:50] production.ERROR: No application encryption key has been specified. {"exception":"[object] (Illuminate\\Encryption\\MissingAppKeyException(code: 0): No application encryption key has been specified. at C:\\laragon\\www\\DEAH-Booking\\vendor\\laravel\\framework\\src\\Illuminate\\Encryption\\EncryptionServiceProvider.php:79)
[stacktrace]
#0 C:\\laragon\\www\\DEAH-Booking\\vendor\\laravel\\framework\\src\\Illuminate\\Support\\helpers.php(307): Illuminate\\Encryption\\EncryptionServiceProvider->Illuminate\\Encryption\\{closure}(NULL)
#1 C:\\laragon\\www\\DEAH-Booking\\vendor\\laravel\\framework\\src\\Illuminate\\Encryption\\EncryptionServiceProvider.php(81): tap(NULL, Object(Closure))
#2 C:\\laragon\\www\\DEAH-Booking\\vendor\\laravel\\framework\\src\\Illuminate\\Encryption\\EncryptionServiceProvider.php(60): Illuminate\\Encryption\\EncryptionServiceProvider->key(Array)
#3 C:\\laragon\\www\\DEAH-Booking\\vendor\\laravel\\framework\\src\\Illuminate\\Encryption\\EncryptionServiceProvider.php(32): Illuminate\\Encryption\\EncryptionServiceProvider->parseKey(Array)
#4 C:\\laragon\\www\\DEAH-Booking\\vendor\\laravel\\framework\\src\\Illuminate\\Container\\Container.php(908): Illuminate\\Encryption\\EncryptionServiceProvider->Illuminate\\Encryption\\{closure}(Object(Illuminate\\Foundation\\Application), Array)
#5 C:\\laragon\\www\\DEAH-Booking\\vendor\\laravel\\framework\\src\\Illuminate\\Container\\Container.php(795): Illuminate\\Container\\Container->build(Object(Closure))
#6 C:\\laragon\\www\\DEAH-Booking\\vendor\\laravel\\framework\\src\\Illuminate\\Foundation\\Application.php(961): Illuminate\\Container\\Container->resolve('encrypter', Array, true)
#7 C:\\laragon\\www\\DEAH-Booking\\vendor\\laravel\\framework\\src\\Illuminate\\Container\\Container.php(731): Illuminate\\Foundation\\Application->resolve('encrypter', Array)
#8 C:\\laragon\\www\\DEAH-Booking\\vendor\\laravel\\framework\\src\\Illuminate\\Foundation\\Application.php(946): Illuminate\\Container\\Container->make('encrypter', Array)
#9 C:\\laragon\\www\\DEAH-Booking\\vendor\\laravel\\framework\\src\\Illuminate\\Container\\Container.php(1066): Illuminate\\Foundation\\Application->make('encrypter')
#10 C:\\laragon\\www\\DEAH-Booking\\vendor\\laravel\\framework\\src\\Illuminate\\Container\\Container.php(982): Illuminate\\Container\\Container->resolveClass(Object(ReflectionParameter))
#11 C:\\laragon\\www\\DEAH-Booking\\vendor\\laravel\\framework\\src\\Illuminate\\Container\\Container.php(943): Illuminate\\Container\\Container->resolveDependencies(Array)
#12 C:\\laragon\\www\\DEAH-Booking\\vendor\\laravel\\framework\\src\\Illuminate\\Container\\Container.php(795): Illuminate\\Container\\Container->build('App\\\\Http\\\\Middle...')
#13 C:\\laragon\\www\\DEAH-Booking\\vendor\\laravel\\framework\\src\\Illuminate\\Foundation\\Application.php(961): Illuminate\\Container\\Container->resolve('App\\\\Http\\\\Middle...', Array, true)
#14 C:\\laragon\\www\\DEAH-Booking\\vendor\\laravel\\framework\\src\\Illuminate\\Container\\Container.php(731): Illuminate\\Foundation\\Application->resolve('App\\\\Http\\\\Middle...', Array)
#15 C:\\laragon\\www\\DEAH-Booking\\vendor\\laravel\\framework\\src\\Illuminate\\Foundation\\Application.php(946): Illuminate\\Container\\Container->make('App\\\\Http\\\\Middle...', Array)
#16 C:\\laragon\\www\\DEAH-Booking\\vendor\\laravel\\framework\\src\\Illuminate\\Foundation\\Http\\Kernel.php(255): Illuminate\\Foundation\\Application->make('App\\\\Http\\\\Middle...')
#17 C:\\laragon\\www\\DEAH-Booking\\vendor\\laravel\\framework\\src\\Illuminate\\Foundation\\Http\\Kernel.php(213): Illuminate\\Foundation\\Http\\Kernel->terminateMiddleware(Object(Illuminate\\Http\\Request), Object(Illuminate\\Http\\Response))
#18 C:\\laragon\\www\\DEAH-Booking\\public\\index.php(56): Illuminate\\Foundation\\Http\\Kernel->terminate(Object(Illuminate\\Http\\Request), Object(Illuminate\\Http\\Response))
#19 C:\\laragon\\www\\DEAH-Booking\\vendor\\laravel\\framework\\src\\Illuminate\\Foundation\\resources\\server.php(16): require_once('C:\\\\laragon\\\\www\\\\...')
#20 {main}
"} 
[2024-08-19 09:28:02] production.ERROR: No application encryption key has been specified. {"exception":"[object] (Illuminate\\Encryption\\MissingAppKeyException(code: 0): No application encryption key has been specified. at C:\\laragon\\www\\DEAH-Booking\\vendor\\laravel\\framework\\src\\Illuminate\\Encryption\\EncryptionServiceProvider.php:79)
[stacktrace]
#0 C:\\laragon\\www\\DEAH-Booking\\vendor\\laravel\\framework\\src\\Illuminate\\Support\\helpers.php(307): Illuminate\\Encryption\\EncryptionServiceProvider->Illuminate\\Encryption\\{closure}(NULL)
#1 C:\\laragon\\www\\DEAH-Booking\\vendor\\laravel\\framework\\src\\Illuminate\\Encryption\\EncryptionServiceProvider.php(81): tap(NULL, Object(Closure))
#2 C:\\laragon\\www\\DEAH-Booking\\vendor\\laravel\\framework\\src\\Illuminate\\Encryption\\EncryptionServiceProvider.php(60): Illuminate\\Encryption\\EncryptionServiceProvider->key(Array)
#3 C:\\laragon\\www\\DEAH-Booking\\vendor\\laravel\\framework\\src\\Illuminate\\Encryption\\EncryptionServiceProvider.php(32): Illuminate\\Encryption\\EncryptionServiceProvider->parseKey(Array)
#4 C:\\laragon\\www\\DEAH-Booking\\vendor\\laravel\\framework\\src\\Illuminate\\Container\\Container.php(908): Illuminate\\Encryption\\EncryptionServiceProvider->Illuminate\\Encryption\\{closure}(Object(Illuminate\\Foundation\\Application), Array)
#5 C:\\laragon\\www\\DEAH-Booking\\vendor\\laravel\\framework\\src\\Illuminate\\Container\\Container.php(795): Illuminate\\Container\\Container->build(Object(Closure))
#6 C:\\laragon\\www\\DEAH-Booking\\vendor\\laravel\\framework\\src\\Illuminate\\Foundation\\Application.php(961): Illuminate\\Container\\Container->resolve('encrypter', Array, true)
#7 C:\\laragon\\www\\DEAH-Booking\\vendor\\laravel\\framework\\src\\Illuminate\\Container\\Container.php(731): Illuminate\\Foundation\\Application->resolve('encrypter', Array)
#8 C:\\laragon\\www\\DEAH-Booking\\vendor\\laravel\\framework\\src\\Illuminate\\Foundation\\Application.php(946): Illuminate\\Container\\Container->make('encrypter', Array)
#9 C:\\laragon\\www\\DEAH-Booking\\vendor\\laravel\\framework\\src\\Illuminate\\Container\\Container.php(1066): Illuminate\\Foundation\\Application->make('encrypter')
#10 C:\\laragon\\www\\DEAH-Booking\\vendor\\laravel\\framework\\src\\Illuminate\\Container\\Container.php(982): Illuminate\\Container\\Container->resolveClass(Object(ReflectionParameter))
#11 C:\\laragon\\www\\DEAH-Booking\\vendor\\laravel\\framework\\src\\Illuminate\\Container\\Container.php(943): Illuminate\\Container\\Container->resolveDependencies(Array)
#12 C:\\laragon\\www\\DEAH-Booking\\vendor\\laravel\\framework\\src\\Illuminate\\Container\\Container.php(795): Illuminate\\Container\\Container->build('App\\\\Http\\\\Middle...')
#13 C:\\laragon\\www\\DEAH-Booking\\vendor\\laravel\\framework\\src\\Illuminate\\Foundation\\Application.php(961): Illuminate\\Container\\Container->resolve('App\\\\Http\\\\Middle...', Array, true)
#14 C:\\laragon\\www\\DEAH-Booking\\vendor\\laravel\\framework\\src\\Illuminate\\Container\\Container.php(731): Illuminate\\Foundation\\Application->resolve('App\\\\Http\\\\Middle...', Array)
#15 C:\\laragon\\www\\DEAH-Booking\\vendor\\laravel\\framework\\src\\Illuminate\\Foundation\\Application.php(946): Illuminate\\Container\\Container->make('App\\\\Http\\\\Middle...', Array)
#16 C:\\laragon\\www\\DEAH-Booking\\vendor\\laravel\\framework\\src\\Illuminate\\Pipeline\\Pipeline.php(172): Illuminate\\Foundation\\Application->make('App\\\\Http\\\\Middle...')
#17 C:\\laragon\\www\\DEAH-Booking\\vendor\\laravel\\framework\\src\\Illuminate\\Pipeline\\Pipeline.php(119): Illuminate\\Pipeline\\Pipeline->Illuminate\\Pipeline\\{closure}(Object(Illuminate\\Http\\Request))
#18 C:\\laragon\\www\\DEAH-Booking\\vendor\\laravel\\framework\\src\\Illuminate\\Routing\\Router.php(807): Illuminate\\Pipeline\\Pipeline->then(Object(Closure))
#19 C:\\laragon\\www\\DEAH-Booking\\vendor\\laravel\\framework\\src\\Illuminate\\Routing\\Router.php(784): Illuminate\\Routing\\Router->runRouteWithinStack(Object(Illuminate\\Routing\\Route), Object(Illuminate\\Http\\Request))
#20 C:\\laragon\\www\\DEAH-Booking\\vendor\\laravel\\framework\\src\\Illuminate\\Routing\\Router.php(748): Illuminate\\Routing\\Router->runRoute(Object(Illuminate\\Http\\Request), Object(Illuminate\\Routing\\Route))
#21 C:\\laragon\\www\\DEAH-Booking\\vendor\\laravel\\framework\\src\\Illuminate\\Routing\\Router.php(737): Illuminate\\Routing\\Router->dispatchToRoute(Object(Illuminate\\Http\\Request))
#22 C:\\laragon\\www\\DEAH-Booking\\vendor\\laravel\\framework\\src\\Illuminate\\Foundation\\Http\\Kernel.php(200): Illuminate\\Routing\\Router->dispatch(Object(Illuminate\\Http\\Request))
#23 C:\\laragon\\www\\DEAH-Booking\\vendor\\laravel\\framework\\src\\Illuminate\\Pipeline\\Pipeline.php(144): Illuminate\\Foundation\\Http\\Kernel->Illuminate\\Foundation\\Http\\{closure}(Object(Illuminate\\Http\\Request))
#24 C:\\laragon\\www\\DEAH-Booking\\app\\Http\\Middleware\\CorsMiddleware.php(18): Illuminate\\Pipeline\\Pipeline->Illuminate\\Pipeline\\{closure}(Object(Illuminate\\Http\\Request))
#25 C:\\laragon\\www\\DEAH-Booking\\vendor\\laravel\\framework\\src\\Illuminate\\Pipeline\\Pipeline.php(183): App\\Http\\Middleware\\CorsMiddleware->handle(Object(Illuminate\\Http\\Request), Object(Closure))
#26 C:\\laragon\\www\\DEAH-Booking\\vendor\\laravel\\framework\\src\\Illuminate\\Foundation\\Http\\Middleware\\TransformsRequest.php(21): Illuminate\\Pipeline\\Pipeline->Illuminate\\Pipeline\\{closure}(Object(Illuminate\\Http\\Request))
#27 C:\\laragon\\www\\DEAH-Booking\\vendor\\laravel\\framework\\src\\Illuminate\\Foundation\\Http\\Middleware\\ConvertEmptyStringsToNull.php(31): Illuminate\\Foundation\\Http\\Middleware\\TransformsRequest->handle(Object(Illuminate\\Http\\Request), Object(Closure))
#28 C:\\laragon\\www\\DEAH-Booking\\vendor\\laravel\\framework\\src\\Illuminate\\Pipeline\\Pipeline.php(183): Illuminate\\Foundation\\Http\\Middleware\\ConvertEmptyStringsToNull->handle(Object(Illuminate\\Http\\Request), Object(Closure))
#29 C:\\laragon\\www\\DEAH-Booking\\vendor\\laravel\\framework\\src\\Illuminate\\Foundation\\Http\\Middleware\\TransformsRequest.php(21): Illuminate\\Pipeline\\Pipeline->Illuminate\\Pipeline\\{closure}(Object(Illuminate\\Http\\Request))
#30 C:\\laragon\\www\\DEAH-Booking\\vendor\\laravel\\framework\\src\\Illuminate\\Foundation\\Http\\Middleware\\TrimStrings.php(40): Illuminate\\Foundation\\Http\\Middleware\\TransformsRequest->handle(Object(Illuminate\\Http\\Request), Object(Closure))
#31 C:\\laragon\\www\\DEAH-Booking\\vendor\\laravel\\framework\\src\\Illuminate\\Pipeline\\Pipeline.php(183): Illuminate\\Foundation\\Http\\Middleware\\TrimStrings->handle(Object(Illuminate\\Http\\Request), Object(Closure))
#32 C:\\laragon\\www\\DEAH-Booking\\vendor\\laravel\\framework\\src\\Illuminate\\Foundation\\Http\\Middleware\\ValidatePostSize.php(27): Illuminate\\Pipeline\\Pipeline->Illuminate\\Pipeline\\{closure}(Object(Illuminate\\Http\\Request))
#33 C:\\laragon\\www\\DEAH-Booking\\vendor\\laravel\\framework\\src\\Illuminate\\Pipeline\\Pipeline.php(183): Illuminate\\Foundation\\Http\\Middleware\\ValidatePostSize->handle(Object(Illuminate\\Http\\Request), Object(Closure))
#34 C:\\laragon\\www\\DEAH-Booking\\vendor\\laravel\\framework\\src\\Illuminate\\Foundation\\Http\\Middleware\\PreventRequestsDuringMaintenance.php(99): Illuminate\\Pipeline\\Pipeline->Illuminate\\Pipeline\\{closure}(Object(Illuminate\\Http\\Request))
#35 C:\\laragon\\www\\DEAH-Booking\\vendor\\laravel\\framework\\src\\Illuminate\\Pipeline\\Pipeline.php(183): Illuminate\\Foundation\\Http\\Middleware\\PreventRequestsDuringMaintenance->handle(Object(Illuminate\\Http\\Request), Object(Closure))
#36 C:\\laragon\\www\\DEAH-Booking\\vendor\\laravel\\framework\\src\\Illuminate\\Http\\Middleware\\HandleCors.php(49): Illuminate\\Pipeline\\Pipeline->Illuminate\\Pipeline\\{closure}(Object(Illuminate\\Http\\Request))
#37 C:\\laragon\\www\\DEAH-Booking\\vendor\\laravel\\framework\\src\\Illuminate\\Pipeline\\Pipeline.php(183): Illuminate\\Http\\Middleware\\HandleCors->handle(Object(Illuminate\\Http\\Request), Object(Closure))
#38 C:\\laragon\\www\\DEAH-Booking\\vendor\\laravel\\framework\\src\\Illuminate\\Http\\Middleware\\TrustProxies.php(39): Illuminate\\Pipeline\\Pipeline->Illuminate\\Pipeline\\{closure}(Object(Illuminate\\Http\\Request))
#39 C:\\laragon\\www\\DEAH-Booking\\vendor\\laravel\\framework\\src\\Illuminate\\Pipeline\\Pipeline.php(183): Illuminate\\Http\\Middleware\\TrustProxies->handle(Object(Illuminate\\Http\\Request), Object(Closure))
#40 C:\\laragon\\www\\DEAH-Booking\\vendor\\laravel\\framework\\src\\Illuminate\\Pipeline\\Pipeline.php(119): Illuminate\\Pipeline\\Pipeline->Illuminate\\Pipeline\\{closure}(Object(Illuminate\\Http\\Request))
#41 C:\\laragon\\www\\DEAH-Booking\\vendor\\laravel\\framework\\src\\Illuminate\\Foundation\\Http\\Kernel.php(175): Illuminate\\Pipeline\\Pipeline->then(Object(Closure))
#42 C:\\laragon\\www\\DEAH-Booking\\vendor\\laravel\\framework\\src\\Illuminate\\Foundation\\Http\\Kernel.php(144): Illuminate\\Foundation\\Http\\Kernel->sendRequestThroughRouter(Object(Illuminate\\Http\\Request))
#43 C:\\laragon\\www\\DEAH-Booking\\public\\index.php(53): Illuminate\\Foundation\\Http\\Kernel->handle(Object(Illuminate\\Http\\Request))
#44 C:\\laragon\\www\\DEAH-Booking\\vendor\\laravel\\framework\\src\\Illuminate\\Foundation\\resources\\server.php(16): require_once('C:\\\\laragon\\\\www\\\\...')
#45 {main}
"} 
[2024-08-19 09:28:02] production.ERROR: No application encryption key has been specified. {"exception":"[object] (Illuminate\\Encryption\\MissingAppKeyException(code: 0): No application encryption key has been specified. at C:\\laragon\\www\\DEAH-Booking\\vendor\\laravel\\framework\\src\\Illuminate\\Encryption\\EncryptionServiceProvider.php:79)
[stacktrace]
#0 C:\\laragon\\www\\DEAH-Booking\\vendor\\laravel\\framework\\src\\Illuminate\\Support\\helpers.php(307): Illuminate\\Encryption\\EncryptionServiceProvider->Illuminate\\Encryption\\{closure}(NULL)
#1 C:\\laragon\\www\\DEAH-Booking\\vendor\\laravel\\framework\\src\\Illuminate\\Encryption\\EncryptionServiceProvider.php(81): tap(NULL, Object(Closure))
#2 C:\\laragon\\www\\DEAH-Booking\\vendor\\laravel\\framework\\src\\Illuminate\\Encryption\\EncryptionServiceProvider.php(60): Illuminate\\Encryption\\EncryptionServiceProvider->key(Array)
#3 C:\\laragon\\www\\DEAH-Booking\\vendor\\laravel\\framework\\src\\Illuminate\\Encryption\\EncryptionServiceProvider.php(32): Illuminate\\Encryption\\EncryptionServiceProvider->parseKey(Array)
#4 C:\\laragon\\www\\DEAH-Booking\\vendor\\laravel\\framework\\src\\Illuminate\\Container\\Container.php(908): Illuminate\\Encryption\\EncryptionServiceProvider->Illuminate\\Encryption\\{closure}(Object(Illuminate\\Foundation\\Application), Array)
#5 C:\\laragon\\www\\DEAH-Booking\\vendor\\laravel\\framework\\src\\Illuminate\\Container\\Container.php(795): Illuminate\\Container\\Container->build(Object(Closure))
#6 C:\\laragon\\www\\DEAH-Booking\\vendor\\laravel\\framework\\src\\Illuminate\\Foundation\\Application.php(961): Illuminate\\Container\\Container->resolve('encrypter', Array, true)
#7 C:\\laragon\\www\\DEAH-Booking\\vendor\\laravel\\framework\\src\\Illuminate\\Container\\Container.php(731): Illuminate\\Foundation\\Application->resolve('encrypter', Array)
#8 C:\\laragon\\www\\DEAH-Booking\\vendor\\laravel\\framework\\src\\Illuminate\\Foundation\\Application.php(946): Illuminate\\Container\\Container->make('encrypter', Array)
#9 C:\\laragon\\www\\DEAH-Booking\\vendor\\laravel\\framework\\src\\Illuminate\\Container\\Container.php(1066): Illuminate\\Foundation\\Application->make('encrypter')
#10 C:\\laragon\\www\\DEAH-Booking\\vendor\\laravel\\framework\\src\\Illuminate\\Container\\Container.php(982): Illuminate\\Container\\Container->resolveClass(Object(ReflectionParameter))
#11 C:\\laragon\\www\\DEAH-Booking\\vendor\\laravel\\framework\\src\\Illuminate\\Container\\Container.php(943): Illuminate\\Container\\Container->resolveDependencies(Array)
#12 C:\\laragon\\www\\DEAH-Booking\\vendor\\laravel\\framework\\src\\Illuminate\\Container\\Container.php(795): Illuminate\\Container\\Container->build('App\\\\Http\\\\Middle...')
#13 C:\\laragon\\www\\DEAH-Booking\\vendor\\laravel\\framework\\src\\Illuminate\\Foundation\\Application.php(961): Illuminate\\Container\\Container->resolve('App\\\\Http\\\\Middle...', Array, true)
#14 C:\\laragon\\www\\DEAH-Booking\\vendor\\laravel\\framework\\src\\Illuminate\\Container\\Container.php(731): Illuminate\\Foundation\\Application->resolve('App\\\\Http\\\\Middle...', Array)
#15 C:\\laragon\\www\\DEAH-Booking\\vendor\\laravel\\framework\\src\\Illuminate\\Foundation\\Application.php(946): Illuminate\\Container\\Container->make('App\\\\Http\\\\Middle...', Array)
#16 C:\\laragon\\www\\DEAH-Booking\\vendor\\laravel\\framework\\src\\Illuminate\\Foundation\\Http\\Kernel.php(255): Illuminate\\Foundation\\Application->make('App\\\\Http\\\\Middle...')
#17 C:\\laragon\\www\\DEAH-Booking\\vendor\\laravel\\framework\\src\\Illuminate\\Foundation\\Http\\Kernel.php(213): Illuminate\\Foundation\\Http\\Kernel->terminateMiddleware(Object(Illuminate\\Http\\Request), Object(Illuminate\\Http\\Response))
#18 C:\\laragon\\www\\DEAH-Booking\\public\\index.php(56): Illuminate\\Foundation\\Http\\Kernel->terminate(Object(Illuminate\\Http\\Request), Object(Illuminate\\Http\\Response))
#19 C:\\laragon\\www\\DEAH-Booking\\vendor\\laravel\\framework\\src\\Illuminate\\Foundation\\resources\\server.php(16): require_once('C:\\\\laragon\\\\www\\\\...')
#20 {main}
"} 
[2024-08-19 09:31:13] production.ERROR: No application encryption key has been specified. {"exception":"[object] (Illuminate\\Encryption\\MissingAppKeyException(code: 0): No application encryption key has been specified. at C:\\laragon\\www\\DEAH-Booking\\vendor\\laravel\\framework\\src\\Illuminate\\Encryption\\EncryptionServiceProvider.php:79)
[stacktrace]
#0 C:\\laragon\\www\\DEAH-Booking\\vendor\\laravel\\framework\\src\\Illuminate\\Support\\helpers.php(307): Illuminate\\Encryption\\EncryptionServiceProvider->Illuminate\\Encryption\\{closure}(NULL)
#1 C:\\laragon\\www\\DEAH-Booking\\vendor\\laravel\\framework\\src\\Illuminate\\Encryption\\EncryptionServiceProvider.php(81): tap(NULL, Object(Closure))
#2 C:\\laragon\\www\\DEAH-Booking\\vendor\\laravel\\framework\\src\\Illuminate\\Encryption\\EncryptionServiceProvider.php(60): Illuminate\\Encryption\\EncryptionServiceProvider->key(Array)
#3 C:\\laragon\\www\\DEAH-Booking\\vendor\\laravel\\framework\\src\\Illuminate\\Encryption\\EncryptionServiceProvider.php(32): Illuminate\\Encryption\\EncryptionServiceProvider->parseKey(Array)
#4 C:\\laragon\\www\\DEAH-Booking\\vendor\\laravel\\framework\\src\\Illuminate\\Container\\Container.php(908): Illuminate\\Encryption\\EncryptionServiceProvider->Illuminate\\Encryption\\{closure}(Object(Illuminate\\Foundation\\Application), Array)
#5 C:\\laragon\\www\\DEAH-Booking\\vendor\\laravel\\framework\\src\\Illuminate\\Container\\Container.php(795): Illuminate\\Container\\Container->build(Object(Closure))
#6 C:\\laragon\\www\\DEAH-Booking\\vendor\\laravel\\framework\\src\\Illuminate\\Foundation\\Application.php(961): Illuminate\\Container\\Container->resolve('encrypter', Array, true)
#7 C:\\laragon\\www\\DEAH-Booking\\vendor\\laravel\\framework\\src\\Illuminate\\Container\\Container.php(731): Illuminate\\Foundation\\Application->resolve('encrypter', Array)
#8 C:\\laragon\\www\\DEAH-Booking\\vendor\\laravel\\framework\\src\\Illuminate\\Foundation\\Application.php(946): Illuminate\\Container\\Container->make('encrypter', Array)
#9 C:\\laragon\\www\\DEAH-Booking\\vendor\\laravel\\framework\\src\\Illuminate\\Container\\Container.php(1066): Illuminate\\Foundation\\Application->make('encrypter')
#10 C:\\laragon\\www\\DEAH-Booking\\vendor\\laravel\\framework\\src\\Illuminate\\Container\\Container.php(982): Illuminate\\Container\\Container->resolveClass(Object(ReflectionParameter))
#11 C:\\laragon\\www\\DEAH-Booking\\vendor\\laravel\\framework\\src\\Illuminate\\Container\\Container.php(943): Illuminate\\Container\\Container->resolveDependencies(Array)
#12 C:\\laragon\\www\\DEAH-Booking\\vendor\\laravel\\framework\\src\\Illuminate\\Container\\Container.php(795): Illuminate\\Container\\Container->build('App\\\\Http\\\\Middle...')
#13 C:\\laragon\\www\\DEAH-Booking\\vendor\\laravel\\framework\\src\\Illuminate\\Foundation\\Application.php(961): Illuminate\\Container\\Container->resolve('App\\\\Http\\\\Middle...', Array, true)
#14 C:\\laragon\\www\\DEAH-Booking\\vendor\\laravel\\framework\\src\\Illuminate\\Container\\Container.php(731): Illuminate\\Foundation\\Application->resolve('App\\\\Http\\\\Middle...', Array)
#15 C:\\laragon\\www\\DEAH-Booking\\vendor\\laravel\\framework\\src\\Illuminate\\Foundation\\Application.php(946): Illuminate\\Container\\Container->make('App\\\\Http\\\\Middle...', Array)
#16 C:\\laragon\\www\\DEAH-Booking\\vendor\\laravel\\framework\\src\\Illuminate\\Pipeline\\Pipeline.php(172): Illuminate\\Foundation\\Application->make('App\\\\Http\\\\Middle...')
#17 C:\\laragon\\www\\DEAH-Booking\\vendor\\laravel\\framework\\src\\Illuminate\\Pipeline\\Pipeline.php(119): Illuminate\\Pipeline\\Pipeline->Illuminate\\Pipeline\\{closure}(Object(Illuminate\\Http\\Request))
#18 C:\\laragon\\www\\DEAH-Booking\\vendor\\laravel\\framework\\src\\Illuminate\\Routing\\Router.php(807): Illuminate\\Pipeline\\Pipeline->then(Object(Closure))
#19 C:\\laragon\\www\\DEAH-Booking\\vendor\\laravel\\framework\\src\\Illuminate\\Routing\\Router.php(784): Illuminate\\Routing\\Router->runRouteWithinStack(Object(Illuminate\\Routing\\Route), Object(Illuminate\\Http\\Request))
#20 C:\\laragon\\www\\DEAH-Booking\\vendor\\laravel\\framework\\src\\Illuminate\\Routing\\Router.php(748): Illuminate\\Routing\\Router->runRoute(Object(Illuminate\\Http\\Request), Object(Illuminate\\Routing\\Route))
#21 C:\\laragon\\www\\DEAH-Booking\\vendor\\laravel\\framework\\src\\Illuminate\\Routing\\Router.php(737): Illuminate\\Routing\\Router->dispatchToRoute(Object(Illuminate\\Http\\Request))
#22 C:\\laragon\\www\\DEAH-Booking\\vendor\\laravel\\framework\\src\\Illuminate\\Foundation\\Http\\Kernel.php(200): Illuminate\\Routing\\Router->dispatch(Object(Illuminate\\Http\\Request))
#23 C:\\laragon\\www\\DEAH-Booking\\vendor\\laravel\\framework\\src\\Illuminate\\Pipeline\\Pipeline.php(144): Illuminate\\Foundation\\Http\\Kernel->Illuminate\\Foundation\\Http\\{closure}(Object(Illuminate\\Http\\Request))
#24 C:\\laragon\\www\\DEAH-Booking\\app\\Http\\Middleware\\CorsMiddleware.php(18): Illuminate\\Pipeline\\Pipeline->Illuminate\\Pipeline\\{closure}(Object(Illuminate\\Http\\Request))
#25 C:\\laragon\\www\\DEAH-Booking\\vendor\\laravel\\framework\\src\\Illuminate\\Pipeline\\Pipeline.php(183): App\\Http\\Middleware\\CorsMiddleware->handle(Object(Illuminate\\Http\\Request), Object(Closure))
#26 C:\\laragon\\www\\DEAH-Booking\\vendor\\laravel\\framework\\src\\Illuminate\\Foundation\\Http\\Middleware\\TransformsRequest.php(21): Illuminate\\Pipeline\\Pipeline->Illuminate\\Pipeline\\{closure}(Object(Illuminate\\Http\\Request))
#27 C:\\laragon\\www\\DEAH-Booking\\vendor\\laravel\\framework\\src\\Illuminate\\Foundation\\Http\\Middleware\\ConvertEmptyStringsToNull.php(31): Illuminate\\Foundation\\Http\\Middleware\\TransformsRequest->handle(Object(Illuminate\\Http\\Request), Object(Closure))
#28 C:\\laragon\\www\\DEAH-Booking\\vendor\\laravel\\framework\\src\\Illuminate\\Pipeline\\Pipeline.php(183): Illuminate\\Foundation\\Http\\Middleware\\ConvertEmptyStringsToNull->handle(Object(Illuminate\\Http\\Request), Object(Closure))
#29 C:\\laragon\\www\\DEAH-Booking\\vendor\\laravel\\framework\\src\\Illuminate\\Foundation\\Http\\Middleware\\TransformsRequest.php(21): Illuminate\\Pipeline\\Pipeline->Illuminate\\Pipeline\\{closure}(Object(Illuminate\\Http\\Request))
#30 C:\\laragon\\www\\DEAH-Booking\\vendor\\laravel\\framework\\src\\Illuminate\\Foundation\\Http\\Middleware\\TrimStrings.php(40): Illuminate\\Foundation\\Http\\Middleware\\TransformsRequest->handle(Object(Illuminate\\Http\\Request), Object(Closure))
#31 C:\\laragon\\www\\DEAH-Booking\\vendor\\laravel\\framework\\src\\Illuminate\\Pipeline\\Pipeline.php(183): Illuminate\\Foundation\\Http\\Middleware\\TrimStrings->handle(Object(Illuminate\\Http\\Request), Object(Closure))
#32 C:\\laragon\\www\\DEAH-Booking\\vendor\\laravel\\framework\\src\\Illuminate\\Foundation\\Http\\Middleware\\ValidatePostSize.php(27): Illuminate\\Pipeline\\Pipeline->Illuminate\\Pipeline\\{closure}(Object(Illuminate\\Http\\Request))
#33 C:\\laragon\\www\\DEAH-Booking\\vendor\\laravel\\framework\\src\\Illuminate\\Pipeline\\Pipeline.php(183): Illuminate\\Foundation\\Http\\Middleware\\ValidatePostSize->handle(Object(Illuminate\\Http\\Request), Object(Closure))
#34 C:\\laragon\\www\\DEAH-Booking\\vendor\\laravel\\framework\\src\\Illuminate\\Foundation\\Http\\Middleware\\PreventRequestsDuringMaintenance.php(99): Illuminate\\Pipeline\\Pipeline->Illuminate\\Pipeline\\{closure}(Object(Illuminate\\Http\\Request))
#35 C:\\laragon\\www\\DEAH-Booking\\vendor\\laravel\\framework\\src\\Illuminate\\Pipeline\\Pipeline.php(183): Illuminate\\Foundation\\Http\\Middleware\\PreventRequestsDuringMaintenance->handle(Object(Illuminate\\Http\\Request), Object(Closure))
#36 C:\\laragon\\www\\DEAH-Booking\\vendor\\laravel\\framework\\src\\Illuminate\\Http\\Middleware\\HandleCors.php(49): Illuminate\\Pipeline\\Pipeline->Illuminate\\Pipeline\\{closure}(Object(Illuminate\\Http\\Request))
#37 C:\\laragon\\www\\DEAH-Booking\\vendor\\laravel\\framework\\src\\Illuminate\\Pipeline\\Pipeline.php(183): Illuminate\\Http\\Middleware\\HandleCors->handle(Object(Illuminate\\Http\\Request), Object(Closure))
#38 C:\\laragon\\www\\DEAH-Booking\\vendor\\laravel\\framework\\src\\Illuminate\\Http\\Middleware\\TrustProxies.php(39): Illuminate\\Pipeline\\Pipeline->Illuminate\\Pipeline\\{closure}(Object(Illuminate\\Http\\Request))
#39 C:\\laragon\\www\\DEAH-Booking\\vendor\\laravel\\framework\\src\\Illuminate\\Pipeline\\Pipeline.php(183): Illuminate\\Http\\Middleware\\TrustProxies->handle(Object(Illuminate\\Http\\Request), Object(Closure))
#40 C:\\laragon\\www\\DEAH-Booking\\vendor\\laravel\\framework\\src\\Illuminate\\Pipeline\\Pipeline.php(119): Illuminate\\Pipeline\\Pipeline->Illuminate\\Pipeline\\{closure}(Object(Illuminate\\Http\\Request))
#41 C:\\laragon\\www\\DEAH-Booking\\vendor\\laravel\\framework\\src\\Illuminate\\Foundation\\Http\\Kernel.php(175): Illuminate\\Pipeline\\Pipeline->then(Object(Closure))
#42 C:\\laragon\\www\\DEAH-Booking\\vendor\\laravel\\framework\\src\\Illuminate\\Foundation\\Http\\Kernel.php(144): Illuminate\\Foundation\\Http\\Kernel->sendRequestThroughRouter(Object(Illuminate\\Http\\Request))
#43 C:\\laragon\\www\\DEAH-Booking\\public\\index.php(53): Illuminate\\Foundation\\Http\\Kernel->handle(Object(Illuminate\\Http\\Request))
#44 C:\\laragon\\www\\DEAH-Booking\\vendor\\laravel\\framework\\src\\Illuminate\\Foundation\\resources\\server.php(16): require_once('C:\\\\laragon\\\\www\\\\...')
#45 {main}
"} 
[2024-08-19 09:31:14] production.ERROR: No application encryption key has been specified. {"exception":"[object] (Illuminate\\Encryption\\MissingAppKeyException(code: 0): No application encryption key has been specified. at C:\\laragon\\www\\DEAH-Booking\\vendor\\laravel\\framework\\src\\Illuminate\\Encryption\\EncryptionServiceProvider.php:79)
[stacktrace]
#0 C:\\laragon\\www\\DEAH-Booking\\vendor\\laravel\\framework\\src\\Illuminate\\Support\\helpers.php(307): Illuminate\\Encryption\\EncryptionServiceProvider->Illuminate\\Encryption\\{closure}(NULL)
#1 C:\\laragon\\www\\DEAH-Booking\\vendor\\laravel\\framework\\src\\Illuminate\\Encryption\\EncryptionServiceProvider.php(81): tap(NULL, Object(Closure))
#2 C:\\laragon\\www\\DEAH-Booking\\vendor\\laravel\\framework\\src\\Illuminate\\Encryption\\EncryptionServiceProvider.php(60): Illuminate\\Encryption\\EncryptionServiceProvider->key(Array)
#3 C:\\laragon\\www\\DEAH-Booking\\vendor\\laravel\\framework\\src\\Illuminate\\Encryption\\EncryptionServiceProvider.php(32): Illuminate\\Encryption\\EncryptionServiceProvider->parseKey(Array)
#4 C:\\laragon\\www\\DEAH-Booking\\vendor\\laravel\\framework\\src\\Illuminate\\Container\\Container.php(908): Illuminate\\Encryption\\EncryptionServiceProvider->Illuminate\\Encryption\\{closure}(Object(Illuminate\\Foundation\\Application), Array)
#5 C:\\laragon\\www\\DEAH-Booking\\vendor\\laravel\\framework\\src\\Illuminate\\Container\\Container.php(795): Illuminate\\Container\\Container->build(Object(Closure))
#6 C:\\laragon\\www\\DEAH-Booking\\vendor\\laravel\\framework\\src\\Illuminate\\Foundation\\Application.php(961): Illuminate\\Container\\Container->resolve('encrypter', Array, true)
#7 C:\\laragon\\www\\DEAH-Booking\\vendor\\laravel\\framework\\src\\Illuminate\\Container\\Container.php(731): Illuminate\\Foundation\\Application->resolve('encrypter', Array)
#8 C:\\laragon\\www\\DEAH-Booking\\vendor\\laravel\\framework\\src\\Illuminate\\Foundation\\Application.php(946): Illuminate\\Container\\Container->make('encrypter', Array)
#9 C:\\laragon\\www\\DEAH-Booking\\vendor\\laravel\\framework\\src\\Illuminate\\Container\\Container.php(1066): Illuminate\\Foundation\\Application->make('encrypter')
#10 C:\\laragon\\www\\DEAH-Booking\\vendor\\laravel\\framework\\src\\Illuminate\\Container\\Container.php(982): Illuminate\\Container\\Container->resolveClass(Object(ReflectionParameter))
#11 C:\\laragon\\www\\DEAH-Booking\\vendor\\laravel\\framework\\src\\Illuminate\\Container\\Container.php(943): Illuminate\\Container\\Container->resolveDependencies(Array)
#12 C:\\laragon\\www\\DEAH-Booking\\vendor\\laravel\\framework\\src\\Illuminate\\Container\\Container.php(795): Illuminate\\Container\\Container->build('App\\\\Http\\\\Middle...')
#13 C:\\laragon\\www\\DEAH-Booking\\vendor\\laravel\\framework\\src\\Illuminate\\Foundation\\Application.php(961): Illuminate\\Container\\Container->resolve('App\\\\Http\\\\Middle...', Array, true)
#14 C:\\laragon\\www\\DEAH-Booking\\vendor\\laravel\\framework\\src\\Illuminate\\Container\\Container.php(731): Illuminate\\Foundation\\Application->resolve('App\\\\Http\\\\Middle...', Array)
#15 C:\\laragon\\www\\DEAH-Booking\\vendor\\laravel\\framework\\src\\Illuminate\\Foundation\\Application.php(946): Illuminate\\Container\\Container->make('App\\\\Http\\\\Middle...', Array)
#16 C:\\laragon\\www\\DEAH-Booking\\vendor\\laravel\\framework\\src\\Illuminate\\Foundation\\Http\\Kernel.php(255): Illuminate\\Foundation\\Application->make('App\\\\Http\\\\Middle...')
#17 C:\\laragon\\www\\DEAH-Booking\\vendor\\laravel\\framework\\src\\Illuminate\\Foundation\\Http\\Kernel.php(213): Illuminate\\Foundation\\Http\\Kernel->terminateMiddleware(Object(Illuminate\\Http\\Request), Object(Illuminate\\Http\\Response))
#18 C:\\laragon\\www\\DEAH-Booking\\public\\index.php(56): Illuminate\\Foundation\\Http\\Kernel->terminate(Object(Illuminate\\Http\\Request), Object(Illuminate\\Http\\Response))
#19 C:\\laragon\\www\\DEAH-Booking\\vendor\\laravel\\framework\\src\\Illuminate\\Foundation\\resources\\server.php(16): require_once('C:\\\\laragon\\\\www\\\\...')
#20 {main}
"} 
[2024-08-19 09:31:16] production.ERROR: No application encryption key has been specified. {"exception":"[object] (Illuminate\\Encryption\\MissingAppKeyException(code: 0): No application encryption key has been specified. at C:\\laragon\\www\\DEAH-Booking\\vendor\\laravel\\framework\\src\\Illuminate\\Encryption\\EncryptionServiceProvider.php:79)
[stacktrace]
#0 C:\\laragon\\www\\DEAH-Booking\\vendor\\laravel\\framework\\src\\Illuminate\\Support\\helpers.php(307): Illuminate\\Encryption\\EncryptionServiceProvider->Illuminate\\Encryption\\{closure}(NULL)
#1 C:\\laragon\\www\\DEAH-Booking\\vendor\\laravel\\framework\\src\\Illuminate\\Encryption\\EncryptionServiceProvider.php(81): tap(NULL, Object(Closure))
#2 C:\\laragon\\www\\DEAH-Booking\\vendor\\laravel\\framework\\src\\Illuminate\\Encryption\\EncryptionServiceProvider.php(60): Illuminate\\Encryption\\EncryptionServiceProvider->key(Array)
#3 C:\\laragon\\www\\DEAH-Booking\\vendor\\laravel\\framework\\src\\Illuminate\\Encryption\\EncryptionServiceProvider.php(32): Illuminate\\Encryption\\EncryptionServiceProvider->parseKey(Array)
#4 C:\\laragon\\www\\DEAH-Booking\\vendor\\laravel\\framework\\src\\Illuminate\\Container\\Container.php(908): Illuminate\\Encryption\\EncryptionServiceProvider->Illuminate\\Encryption\\{closure}(Object(Illuminate\\Foundation\\Application), Array)
#5 C:\\laragon\\www\\DEAH-Booking\\vendor\\laravel\\framework\\src\\Illuminate\\Container\\Container.php(795): Illuminate\\Container\\Container->build(Object(Closure))
#6 C:\\laragon\\www\\DEAH-Booking\\vendor\\laravel\\framework\\src\\Illuminate\\Foundation\\Application.php(961): Illuminate\\Container\\Container->resolve('encrypter', Array, true)
#7 C:\\laragon\\www\\DEAH-Booking\\vendor\\laravel\\framework\\src\\Illuminate\\Container\\Container.php(731): Illuminate\\Foundation\\Application->resolve('encrypter', Array)
#8 C:\\laragon\\www\\DEAH-Booking\\vendor\\laravel\\framework\\src\\Illuminate\\Foundation\\Application.php(946): Illuminate\\Container\\Container->make('encrypter', Array)
#9 C:\\laragon\\www\\DEAH-Booking\\vendor\\laravel\\framework\\src\\Illuminate\\Container\\Container.php(1066): Illuminate\\Foundation\\Application->make('encrypter')
#10 C:\\laragon\\www\\DEAH-Booking\\vendor\\laravel\\framework\\src\\Illuminate\\Container\\Container.php(982): Illuminate\\Container\\Container->resolveClass(Object(ReflectionParameter))
#11 C:\\laragon\\www\\DEAH-Booking\\vendor\\laravel\\framework\\src\\Illuminate\\Container\\Container.php(943): Illuminate\\Container\\Container->resolveDependencies(Array)
#12 C:\\laragon\\www\\DEAH-Booking\\vendor\\laravel\\framework\\src\\Illuminate\\Container\\Container.php(795): Illuminate\\Container\\Container->build('App\\\\Http\\\\Middle...')
#13 C:\\laragon\\www\\DEAH-Booking\\vendor\\laravel\\framework\\src\\Illuminate\\Foundation\\Application.php(961): Illuminate\\Container\\Container->resolve('App\\\\Http\\\\Middle...', Array, true)
#14 C:\\laragon\\www\\DEAH-Booking\\vendor\\laravel\\framework\\src\\Illuminate\\Container\\Container.php(731): Illuminate\\Foundation\\Application->resolve('App\\\\Http\\\\Middle...', Array)
#15 C:\\laragon\\www\\DEAH-Booking\\vendor\\laravel\\framework\\src\\Illuminate\\Foundation\\Application.php(946): Illuminate\\Container\\Container->make('App\\\\Http\\\\Middle...', Array)
#16 C:\\laragon\\www\\DEAH-Booking\\vendor\\laravel\\framework\\src\\Illuminate\\Pipeline\\Pipeline.php(172): Illuminate\\Foundation\\Application->make('App\\\\Http\\\\Middle...')
#17 C:\\laragon\\www\\DEAH-Booking\\vendor\\laravel\\framework\\src\\Illuminate\\Pipeline\\Pipeline.php(119): Illuminate\\Pipeline\\Pipeline->Illuminate\\Pipeline\\{closure}(Object(Illuminate\\Http\\Request))
#18 C:\\laragon\\www\\DEAH-Booking\\vendor\\laravel\\framework\\src\\Illuminate\\Routing\\Router.php(807): Illuminate\\Pipeline\\Pipeline->then(Object(Closure))
#19 C:\\laragon\\www\\DEAH-Booking\\vendor\\laravel\\framework\\src\\Illuminate\\Routing\\Router.php(784): Illuminate\\Routing\\Router->runRouteWithinStack(Object(Illuminate\\Routing\\Route), Object(Illuminate\\Http\\Request))
#20 C:\\laragon\\www\\DEAH-Booking\\vendor\\laravel\\framework\\src\\Illuminate\\Routing\\Router.php(748): Illuminate\\Routing\\Router->runRoute(Object(Illuminate\\Http\\Request), Object(Illuminate\\Routing\\Route))
#21 C:\\laragon\\www\\DEAH-Booking\\vendor\\laravel\\framework\\src\\Illuminate\\Routing\\Router.php(737): Illuminate\\Routing\\Router->dispatchToRoute(Object(Illuminate\\Http\\Request))
#22 C:\\laragon\\www\\DEAH-Booking\\vendor\\laravel\\framework\\src\\Illuminate\\Foundation\\Http\\Kernel.php(200): Illuminate\\Routing\\Router->dispatch(Object(Illuminate\\Http\\Request))
#23 C:\\laragon\\www\\DEAH-Booking\\vendor\\laravel\\framework\\src\\Illuminate\\Pipeline\\Pipeline.php(144): Illuminate\\Foundation\\Http\\Kernel->Illuminate\\Foundation\\Http\\{closure}(Object(Illuminate\\Http\\Request))
#24 C:\\laragon\\www\\DEAH-Booking\\app\\Http\\Middleware\\CorsMiddleware.php(18): Illuminate\\Pipeline\\Pipeline->Illuminate\\Pipeline\\{closure}(Object(Illuminate\\Http\\Request))
#25 C:\\laragon\\www\\DEAH-Booking\\vendor\\laravel\\framework\\src\\Illuminate\\Pipeline\\Pipeline.php(183): App\\Http\\Middleware\\CorsMiddleware->handle(Object(Illuminate\\Http\\Request), Object(Closure))
#26 C:\\laragon\\www\\DEAH-Booking\\vendor\\laravel\\framework\\src\\Illuminate\\Foundation\\Http\\Middleware\\TransformsRequest.php(21): Illuminate\\Pipeline\\Pipeline->Illuminate\\Pipeline\\{closure}(Object(Illuminate\\Http\\Request))
#27 C:\\laragon\\www\\DEAH-Booking\\vendor\\laravel\\framework\\src\\Illuminate\\Foundation\\Http\\Middleware\\ConvertEmptyStringsToNull.php(31): Illuminate\\Foundation\\Http\\Middleware\\TransformsRequest->handle(Object(Illuminate\\Http\\Request), Object(Closure))
#28 C:\\laragon\\www\\DEAH-Booking\\vendor\\laravel\\framework\\src\\Illuminate\\Pipeline\\Pipeline.php(183): Illuminate\\Foundation\\Http\\Middleware\\ConvertEmptyStringsToNull->handle(Object(Illuminate\\Http\\Request), Object(Closure))
#29 C:\\laragon\\www\\DEAH-Booking\\vendor\\laravel\\framework\\src\\Illuminate\\Foundation\\Http\\Middleware\\TransformsRequest.php(21): Illuminate\\Pipeline\\Pipeline->Illuminate\\Pipeline\\{closure}(Object(Illuminate\\Http\\Request))
#30 C:\\laragon\\www\\DEAH-Booking\\vendor\\laravel\\framework\\src\\Illuminate\\Foundation\\Http\\Middleware\\TrimStrings.php(40): Illuminate\\Foundation\\Http\\Middleware\\TransformsRequest->handle(Object(Illuminate\\Http\\Request), Object(Closure))
#31 C:\\laragon\\www\\DEAH-Booking\\vendor\\laravel\\framework\\src\\Illuminate\\Pipeline\\Pipeline.php(183): Illuminate\\Foundation\\Http\\Middleware\\TrimStrings->handle(Object(Illuminate\\Http\\Request), Object(Closure))
#32 C:\\laragon\\www\\DEAH-Booking\\vendor\\laravel\\framework\\src\\Illuminate\\Foundation\\Http\\Middleware\\ValidatePostSize.php(27): Illuminate\\Pipeline\\Pipeline->Illuminate\\Pipeline\\{closure}(Object(Illuminate\\Http\\Request))
#33 C:\\laragon\\www\\DEAH-Booking\\vendor\\laravel\\framework\\src\\Illuminate\\Pipeline\\Pipeline.php(183): Illuminate\\Foundation\\Http\\Middleware\\ValidatePostSize->handle(Object(Illuminate\\Http\\Request), Object(Closure))
#34 C:\\laragon\\www\\DEAH-Booking\\vendor\\laravel\\framework\\src\\Illuminate\\Foundation\\Http\\Middleware\\PreventRequestsDuringMaintenance.php(99): Illuminate\\Pipeline\\Pipeline->Illuminate\\Pipeline\\{closure}(Object(Illuminate\\Http\\Request))
#35 C:\\laragon\\www\\DEAH-Booking\\vendor\\laravel\\framework\\src\\Illuminate\\Pipeline\\Pipeline.php(183): Illuminate\\Foundation\\Http\\Middleware\\PreventRequestsDuringMaintenance->handle(Object(Illuminate\\Http\\Request), Object(Closure))
#36 C:\\laragon\\www\\DEAH-Booking\\vendor\\laravel\\framework\\src\\Illuminate\\Http\\Middleware\\HandleCors.php(49): Illuminate\\Pipeline\\Pipeline->Illuminate\\Pipeline\\{closure}(Object(Illuminate\\Http\\Request))
#37 C:\\laragon\\www\\DEAH-Booking\\vendor\\laravel\\framework\\src\\Illuminate\\Pipeline\\Pipeline.php(183): Illuminate\\Http\\Middleware\\HandleCors->handle(Object(Illuminate\\Http\\Request), Object(Closure))
#38 C:\\laragon\\www\\DEAH-Booking\\vendor\\laravel\\framework\\src\\Illuminate\\Http\\Middleware\\TrustProxies.php(39): Illuminate\\Pipeline\\Pipeline->Illuminate\\Pipeline\\{closure}(Object(Illuminate\\Http\\Request))
#39 C:\\laragon\\www\\DEAH-Booking\\vendor\\laravel\\framework\\src\\Illuminate\\Pipeline\\Pipeline.php(183): Illuminate\\Http\\Middleware\\TrustProxies->handle(Object(Illuminate\\Http\\Request), Object(Closure))
#40 C:\\laragon\\www\\DEAH-Booking\\vendor\\laravel\\framework\\src\\Illuminate\\Pipeline\\Pipeline.php(119): Illuminate\\Pipeline\\Pipeline->Illuminate\\Pipeline\\{closure}(Object(Illuminate\\Http\\Request))
#41 C:\\laragon\\www\\DEAH-Booking\\vendor\\laravel\\framework\\src\\Illuminate\\Foundation\\Http\\Kernel.php(175): Illuminate\\Pipeline\\Pipeline->then(Object(Closure))
#42 C:\\laragon\\www\\DEAH-Booking\\vendor\\laravel\\framework\\src\\Illuminate\\Foundation\\Http\\Kernel.php(144): Illuminate\\Foundation\\Http\\Kernel->sendRequestThroughRouter(Object(Illuminate\\Http\\Request))
#43 C:\\laragon\\www\\DEAH-Booking\\public\\index.php(53): Illuminate\\Foundation\\Http\\Kernel->handle(Object(Illuminate\\Http\\Request))
#44 C:\\laragon\\www\\DEAH-Booking\\vendor\\laravel\\framework\\src\\Illuminate\\Foundation\\resources\\server.php(16): require_once('C:\\\\laragon\\\\www\\\\...')
#45 {main}
"} 
[2024-08-19 09:31:16] production.ERROR: No application encryption key has been specified. {"exception":"[object] (Illuminate\\Encryption\\MissingAppKeyException(code: 0): No application encryption key has been specified. at C:\\laragon\\www\\DEAH-Booking\\vendor\\laravel\\framework\\src\\Illuminate\\Encryption\\EncryptionServiceProvider.php:79)
[stacktrace]
#0 C:\\laragon\\www\\DEAH-Booking\\vendor\\laravel\\framework\\src\\Illuminate\\Support\\helpers.php(307): Illuminate\\Encryption\\EncryptionServiceProvider->Illuminate\\Encryption\\{closure}(NULL)
#1 C:\\laragon\\www\\DEAH-Booking\\vendor\\laravel\\framework\\src\\Illuminate\\Encryption\\EncryptionServiceProvider.php(81): tap(NULL, Object(Closure))
#2 C:\\laragon\\www\\DEAH-Booking\\vendor\\laravel\\framework\\src\\Illuminate\\Encryption\\EncryptionServiceProvider.php(60): Illuminate\\Encryption\\EncryptionServiceProvider->key(Array)
#3 C:\\laragon\\www\\DEAH-Booking\\vendor\\laravel\\framework\\src\\Illuminate\\Encryption\\EncryptionServiceProvider.php(32): Illuminate\\Encryption\\EncryptionServiceProvider->parseKey(Array)
#4 C:\\laragon\\www\\DEAH-Booking\\vendor\\laravel\\framework\\src\\Illuminate\\Container\\Container.php(908): Illuminate\\Encryption\\EncryptionServiceProvider->Illuminate\\Encryption\\{closure}(Object(Illuminate\\Foundation\\Application), Array)
#5 C:\\laragon\\www\\DEAH-Booking\\vendor\\laravel\\framework\\src\\Illuminate\\Container\\Container.php(795): Illuminate\\Container\\Container->build(Object(Closure))
#6 C:\\laragon\\www\\DEAH-Booking\\vendor\\laravel\\framework\\src\\Illuminate\\Foundation\\Application.php(961): Illuminate\\Container\\Container->resolve('encrypter', Array, true)
#7 C:\\laragon\\www\\DEAH-Booking\\vendor\\laravel\\framework\\src\\Illuminate\\Container\\Container.php(731): Illuminate\\Foundation\\Application->resolve('encrypter', Array)
#8 C:\\laragon\\www\\DEAH-Booking\\vendor\\laravel\\framework\\src\\Illuminate\\Foundation\\Application.php(946): Illuminate\\Container\\Container->make('encrypter', Array)
#9 C:\\laragon\\www\\DEAH-Booking\\vendor\\laravel\\framework\\src\\Illuminate\\Container\\Container.php(1066): Illuminate\\Foundation\\Application->make('encrypter')
#10 C:\\laragon\\www\\DEAH-Booking\\vendor\\laravel\\framework\\src\\Illuminate\\Container\\Container.php(982): Illuminate\\Container\\Container->resolveClass(Object(ReflectionParameter))
#11 C:\\laragon\\www\\DEAH-Booking\\vendor\\laravel\\framework\\src\\Illuminate\\Container\\Container.php(943): Illuminate\\Container\\Container->resolveDependencies(Array)
#12 C:\\laragon\\www\\DEAH-Booking\\vendor\\laravel\\framework\\src\\Illuminate\\Container\\Container.php(795): Illuminate\\Container\\Container->build('App\\\\Http\\\\Middle...')
#13 C:\\laragon\\www\\DEAH-Booking\\vendor\\laravel\\framework\\src\\Illuminate\\Foundation\\Application.php(961): Illuminate\\Container\\Container->resolve('App\\\\Http\\\\Middle...', Array, true)
#14 C:\\laragon\\www\\DEAH-Booking\\vendor\\laravel\\framework\\src\\Illuminate\\Container\\Container.php(731): Illuminate\\Foundation\\Application->resolve('App\\\\Http\\\\Middle...', Array)
#15 C:\\laragon\\www\\DEAH-Booking\\vendor\\laravel\\framework\\src\\Illuminate\\Foundation\\Application.php(946): Illuminate\\Container\\Container->make('App\\\\Http\\\\Middle...', Array)
#16 C:\\laragon\\www\\DEAH-Booking\\vendor\\laravel\\framework\\src\\Illuminate\\Foundation\\Http\\Kernel.php(255): Illuminate\\Foundation\\Application->make('App\\\\Http\\\\Middle...')
#17 C:\\laragon\\www\\DEAH-Booking\\vendor\\laravel\\framework\\src\\Illuminate\\Foundation\\Http\\Kernel.php(213): Illuminate\\Foundation\\Http\\Kernel->terminateMiddleware(Object(Illuminate\\Http\\Request), Object(Illuminate\\Http\\Response))
#18 C:\\laragon\\www\\DEAH-Booking\\public\\index.php(56): Illuminate\\Foundation\\Http\\Kernel->terminate(Object(Illuminate\\Http\\Request), Object(Illuminate\\Http\\Response))
#19 C:\\laragon\\www\\DEAH-Booking\\vendor\\laravel\\framework\\src\\Illuminate\\Foundation\\resources\\server.php(16): require_once('C:\\\\laragon\\\\www\\\\...')
#20 {main}
"} 
[2024-08-19 09:34:04] production.ERROR: No application encryption key has been specified. {"exception":"[object] (Illuminate\\Encryption\\MissingAppKeyException(code: 0): No application encryption key has been specified. at C:\\laragon\\www\\DEAH-Booking\\vendor\\laravel\\framework\\src\\Illuminate\\Encryption\\EncryptionServiceProvider.php:79)
[stacktrace]
#0 C:\\laragon\\www\\DEAH-Booking\\vendor\\laravel\\framework\\src\\Illuminate\\Support\\helpers.php(307): Illuminate\\Encryption\\EncryptionServiceProvider->Illuminate\\Encryption\\{closure}(NULL)
#1 C:\\laragon\\www\\DEAH-Booking\\vendor\\laravel\\framework\\src\\Illuminate\\Encryption\\EncryptionServiceProvider.php(81): tap(NULL, Object(Closure))
#2 C:\\laragon\\www\\DEAH-Booking\\vendor\\laravel\\framework\\src\\Illuminate\\Encryption\\EncryptionServiceProvider.php(60): Illuminate\\Encryption\\EncryptionServiceProvider->key(Array)
#3 C:\\laragon\\www\\DEAH-Booking\\vendor\\laravel\\framework\\src\\Illuminate\\Encryption\\EncryptionServiceProvider.php(32): Illuminate\\Encryption\\EncryptionServiceProvider->parseKey(Array)
#4 C:\\laragon\\www\\DEAH-Booking\\vendor\\laravel\\framework\\src\\Illuminate\\Container\\Container.php(908): Illuminate\\Encryption\\EncryptionServiceProvider->Illuminate\\Encryption\\{closure}(Object(Illuminate\\Foundation\\Application), Array)
#5 C:\\laragon\\www\\DEAH-Booking\\vendor\\laravel\\framework\\src\\Illuminate\\Container\\Container.php(795): Illuminate\\Container\\Container->build(Object(Closure))
#6 C:\\laragon\\www\\DEAH-Booking\\vendor\\laravel\\framework\\src\\Illuminate\\Foundation\\Application.php(961): Illuminate\\Container\\Container->resolve('encrypter', Array, true)
#7 C:\\laragon\\www\\DEAH-Booking\\vendor\\laravel\\framework\\src\\Illuminate\\Container\\Container.php(731): Illuminate\\Foundation\\Application->resolve('encrypter', Array)
#8 C:\\laragon\\www\\DEAH-Booking\\vendor\\laravel\\framework\\src\\Illuminate\\Foundation\\Application.php(946): Illuminate\\Container\\Container->make('encrypter', Array)
#9 C:\\laragon\\www\\DEAH-Booking\\vendor\\laravel\\framework\\src\\Illuminate\\Container\\Container.php(1066): Illuminate\\Foundation\\Application->make('encrypter')
#10 C:\\laragon\\www\\DEAH-Booking\\vendor\\laravel\\framework\\src\\Illuminate\\Container\\Container.php(982): Illuminate\\Container\\Container->resolveClass(Object(ReflectionParameter))
#11 C:\\laragon\\www\\DEAH-Booking\\vendor\\laravel\\framework\\src\\Illuminate\\Container\\Container.php(943): Illuminate\\Container\\Container->resolveDependencies(Array)
#12 C:\\laragon\\www\\DEAH-Booking\\vendor\\laravel\\framework\\src\\Illuminate\\Container\\Container.php(795): Illuminate\\Container\\Container->build('App\\\\Http\\\\Middle...')
#13 C:\\laragon\\www\\DEAH-Booking\\vendor\\laravel\\framework\\src\\Illuminate\\Foundation\\Application.php(961): Illuminate\\Container\\Container->resolve('App\\\\Http\\\\Middle...', Array, true)
#14 C:\\laragon\\www\\DEAH-Booking\\vendor\\laravel\\framework\\src\\Illuminate\\Container\\Container.php(731): Illuminate\\Foundation\\Application->resolve('App\\\\Http\\\\Middle...', Array)
#15 C:\\laragon\\www\\DEAH-Booking\\vendor\\laravel\\framework\\src\\Illuminate\\Foundation\\Application.php(946): Illuminate\\Container\\Container->make('App\\\\Http\\\\Middle...', Array)
#16 C:\\laragon\\www\\DEAH-Booking\\vendor\\laravel\\framework\\src\\Illuminate\\Pipeline\\Pipeline.php(172): Illuminate\\Foundation\\Application->make('App\\\\Http\\\\Middle...')
#17 C:\\laragon\\www\\DEAH-Booking\\vendor\\laravel\\framework\\src\\Illuminate\\Pipeline\\Pipeline.php(119): Illuminate\\Pipeline\\Pipeline->Illuminate\\Pipeline\\{closure}(Object(Illuminate\\Http\\Request))
#18 C:\\laragon\\www\\DEAH-Booking\\vendor\\laravel\\framework\\src\\Illuminate\\Routing\\Router.php(807): Illuminate\\Pipeline\\Pipeline->then(Object(Closure))
#19 C:\\laragon\\www\\DEAH-Booking\\vendor\\laravel\\framework\\src\\Illuminate\\Routing\\Router.php(784): Illuminate\\Routing\\Router->runRouteWithinStack(Object(Illuminate\\Routing\\Route), Object(Illuminate\\Http\\Request))
#20 C:\\laragon\\www\\DEAH-Booking\\vendor\\laravel\\framework\\src\\Illuminate\\Routing\\Router.php(748): Illuminate\\Routing\\Router->runRoute(Object(Illuminate\\Http\\Request), Object(Illuminate\\Routing\\Route))
#21 C:\\laragon\\www\\DEAH-Booking\\vendor\\laravel\\framework\\src\\Illuminate\\Routing\\Router.php(737): Illuminate\\Routing\\Router->dispatchToRoute(Object(Illuminate\\Http\\Request))
#22 C:\\laragon\\www\\DEAH-Booking\\vendor\\laravel\\framework\\src\\Illuminate\\Foundation\\Http\\Kernel.php(200): Illuminate\\Routing\\Router->dispatch(Object(Illuminate\\Http\\Request))
#23 C:\\laragon\\www\\DEAH-Booking\\vendor\\laravel\\framework\\src\\Illuminate\\Pipeline\\Pipeline.php(144): Illuminate\\Foundation\\Http\\Kernel->Illuminate\\Foundation\\Http\\{closure}(Object(Illuminate\\Http\\Request))
#24 C:\\laragon\\www\\DEAH-Booking\\app\\Http\\Middleware\\CorsMiddleware.php(18): Illuminate\\Pipeline\\Pipeline->Illuminate\\Pipeline\\{closure}(Object(Illuminate\\Http\\Request))
#25 C:\\laragon\\www\\DEAH-Booking\\vendor\\laravel\\framework\\src\\Illuminate\\Pipeline\\Pipeline.php(183): App\\Http\\Middleware\\CorsMiddleware->handle(Object(Illuminate\\Http\\Request), Object(Closure))
#26 C:\\laragon\\www\\DEAH-Booking\\vendor\\laravel\\framework\\src\\Illuminate\\Foundation\\Http\\Middleware\\TransformsRequest.php(21): Illuminate\\Pipeline\\Pipeline->Illuminate\\Pipeline\\{closure}(Object(Illuminate\\Http\\Request))
#27 C:\\laragon\\www\\DEAH-Booking\\vendor\\laravel\\framework\\src\\Illuminate\\Foundation\\Http\\Middleware\\ConvertEmptyStringsToNull.php(31): Illuminate\\Foundation\\Http\\Middleware\\TransformsRequest->handle(Object(Illuminate\\Http\\Request), Object(Closure))
#28 C:\\laragon\\www\\DEAH-Booking\\vendor\\laravel\\framework\\src\\Illuminate\\Pipeline\\Pipeline.php(183): Illuminate\\Foundation\\Http\\Middleware\\ConvertEmptyStringsToNull->handle(Object(Illuminate\\Http\\Request), Object(Closure))
#29 C:\\laragon\\www\\DEAH-Booking\\vendor\\laravel\\framework\\src\\Illuminate\\Foundation\\Http\\Middleware\\TransformsRequest.php(21): Illuminate\\Pipeline\\Pipeline->Illuminate\\Pipeline\\{closure}(Object(Illuminate\\Http\\Request))
#30 C:\\laragon\\www\\DEAH-Booking\\vendor\\laravel\\framework\\src\\Illuminate\\Foundation\\Http\\Middleware\\TrimStrings.php(40): Illuminate\\Foundation\\Http\\Middleware\\TransformsRequest->handle(Object(Illuminate\\Http\\Request), Object(Closure))
#31 C:\\laragon\\www\\DEAH-Booking\\vendor\\laravel\\framework\\src\\Illuminate\\Pipeline\\Pipeline.php(183): Illuminate\\Foundation\\Http\\Middleware\\TrimStrings->handle(Object(Illuminate\\Http\\Request), Object(Closure))
#32 C:\\laragon\\www\\DEAH-Booking\\vendor\\laravel\\framework\\src\\Illuminate\\Foundation\\Http\\Middleware\\ValidatePostSize.php(27): Illuminate\\Pipeline\\Pipeline->Illuminate\\Pipeline\\{closure}(Object(Illuminate\\Http\\Request))
#33 C:\\laragon\\www\\DEAH-Booking\\vendor\\laravel\\framework\\src\\Illuminate\\Pipeline\\Pipeline.php(183): Illuminate\\Foundation\\Http\\Middleware\\ValidatePostSize->handle(Object(Illuminate\\Http\\Request), Object(Closure))
#34 C:\\laragon\\www\\DEAH-Booking\\vendor\\laravel\\framework\\src\\Illuminate\\Foundation\\Http\\Middleware\\PreventRequestsDuringMaintenance.php(99): Illuminate\\Pipeline\\Pipeline->Illuminate\\Pipeline\\{closure}(Object(Illuminate\\Http\\Request))
#35 C:\\laragon\\www\\DEAH-Booking\\vendor\\laravel\\framework\\src\\Illuminate\\Pipeline\\Pipeline.php(183): Illuminate\\Foundation\\Http\\Middleware\\PreventRequestsDuringMaintenance->handle(Object(Illuminate\\Http\\Request), Object(Closure))
#36 C:\\laragon\\www\\DEAH-Booking\\vendor\\laravel\\framework\\src\\Illuminate\\Http\\Middleware\\HandleCors.php(49): Illuminate\\Pipeline\\Pipeline->Illuminate\\Pipeline\\{closure}(Object(Illuminate\\Http\\Request))
#37 C:\\laragon\\www\\DEAH-Booking\\vendor\\laravel\\framework\\src\\Illuminate\\Pipeline\\Pipeline.php(183): Illuminate\\Http\\Middleware\\HandleCors->handle(Object(Illuminate\\Http\\Request), Object(Closure))
#38 C:\\laragon\\www\\DEAH-Booking\\vendor\\laravel\\framework\\src\\Illuminate\\Http\\Middleware\\TrustProxies.php(39): Illuminate\\Pipeline\\Pipeline->Illuminate\\Pipeline\\{closure}(Object(Illuminate\\Http\\Request))
#39 C:\\laragon\\www\\DEAH-Booking\\vendor\\laravel\\framework\\src\\Illuminate\\Pipeline\\Pipeline.php(183): Illuminate\\Http\\Middleware\\TrustProxies->handle(Object(Illuminate\\Http\\Request), Object(Closure))
#40 C:\\laragon\\www\\DEAH-Booking\\vendor\\laravel\\framework\\src\\Illuminate\\Pipeline\\Pipeline.php(119): Illuminate\\Pipeline\\Pipeline->Illuminate\\Pipeline\\{closure}(Object(Illuminate\\Http\\Request))
#41 C:\\laragon\\www\\DEAH-Booking\\vendor\\laravel\\framework\\src\\Illuminate\\Foundation\\Http\\Kernel.php(175): Illuminate\\Pipeline\\Pipeline->then(Object(Closure))
#42 C:\\laragon\\www\\DEAH-Booking\\vendor\\laravel\\framework\\src\\Illuminate\\Foundation\\Http\\Kernel.php(144): Illuminate\\Foundation\\Http\\Kernel->sendRequestThroughRouter(Object(Illuminate\\Http\\Request))
#43 C:\\laragon\\www\\DEAH-Booking\\public\\index.php(53): Illuminate\\Foundation\\Http\\Kernel->handle(Object(Illuminate\\Http\\Request))
#44 C:\\laragon\\www\\DEAH-Booking\\vendor\\laravel\\framework\\src\\Illuminate\\Foundation\\resources\\server.php(16): require_once('C:\\\\laragon\\\\www\\\\...')
#45 {main}
"} 
[2024-08-19 09:34:04] production.ERROR: No application encryption key has been specified. {"exception":"[object] (Illuminate\\Encryption\\MissingAppKeyException(code: 0): No application encryption key has been specified. at C:\\laragon\\www\\DEAH-Booking\\vendor\\laravel\\framework\\src\\Illuminate\\Encryption\\EncryptionServiceProvider.php:79)
[stacktrace]
#0 C:\\laragon\\www\\DEAH-Booking\\vendor\\laravel\\framework\\src\\Illuminate\\Support\\helpers.php(307): Illuminate\\Encryption\\EncryptionServiceProvider->Illuminate\\Encryption\\{closure}(NULL)
#1 C:\\laragon\\www\\DEAH-Booking\\vendor\\laravel\\framework\\src\\Illuminate\\Encryption\\EncryptionServiceProvider.php(81): tap(NULL, Object(Closure))
#2 C:\\laragon\\www\\DEAH-Booking\\vendor\\laravel\\framework\\src\\Illuminate\\Encryption\\EncryptionServiceProvider.php(60): Illuminate\\Encryption\\EncryptionServiceProvider->key(Array)
#3 C:\\laragon\\www\\DEAH-Booking\\vendor\\laravel\\framework\\src\\Illuminate\\Encryption\\EncryptionServiceProvider.php(32): Illuminate\\Encryption\\EncryptionServiceProvider->parseKey(Array)
#4 C:\\laragon\\www\\DEAH-Booking\\vendor\\laravel\\framework\\src\\Illuminate\\Container\\Container.php(908): Illuminate\\Encryption\\EncryptionServiceProvider->Illuminate\\Encryption\\{closure}(Object(Illuminate\\Foundation\\Application), Array)
#5 C:\\laragon\\www\\DEAH-Booking\\vendor\\laravel\\framework\\src\\Illuminate\\Container\\Container.php(795): Illuminate\\Container\\Container->build(Object(Closure))
#6 C:\\laragon\\www\\DEAH-Booking\\vendor\\laravel\\framework\\src\\Illuminate\\Foundation\\Application.php(961): Illuminate\\Container\\Container->resolve('encrypter', Array, true)
#7 C:\\laragon\\www\\DEAH-Booking\\vendor\\laravel\\framework\\src\\Illuminate\\Container\\Container.php(731): Illuminate\\Foundation\\Application->resolve('encrypter', Array)
#8 C:\\laragon\\www\\DEAH-Booking\\vendor\\laravel\\framework\\src\\Illuminate\\Foundation\\Application.php(946): Illuminate\\Container\\Container->make('encrypter', Array)
#9 C:\\laragon\\www\\DEAH-Booking\\vendor\\laravel\\framework\\src\\Illuminate\\Container\\Container.php(1066): Illuminate\\Foundation\\Application->make('encrypter')
#10 C:\\laragon\\www\\DEAH-Booking\\vendor\\laravel\\framework\\src\\Illuminate\\Container\\Container.php(982): Illuminate\\Container\\Container->resolveClass(Object(ReflectionParameter))
#11 C:\\laragon\\www\\DEAH-Booking\\vendor\\laravel\\framework\\src\\Illuminate\\Container\\Container.php(943): Illuminate\\Container\\Container->resolveDependencies(Array)
#12 C:\\laragon\\www\\DEAH-Booking\\vendor\\laravel\\framework\\src\\Illuminate\\Container\\Container.php(795): Illuminate\\Container\\Container->build('App\\\\Http\\\\Middle...')
#13 C:\\laragon\\www\\DEAH-Booking\\vendor\\laravel\\framework\\src\\Illuminate\\Foundation\\Application.php(961): Illuminate\\Container\\Container->resolve('App\\\\Http\\\\Middle...', Array, true)
#14 C:\\laragon\\www\\DEAH-Booking\\vendor\\laravel\\framework\\src\\Illuminate\\Container\\Container.php(731): Illuminate\\Foundation\\Application->resolve('App\\\\Http\\\\Middle...', Array)
#15 C:\\laragon\\www\\DEAH-Booking\\vendor\\laravel\\framework\\src\\Illuminate\\Foundation\\Application.php(946): Illuminate\\Container\\Container->make('App\\\\Http\\\\Middle...', Array)
#16 C:\\laragon\\www\\DEAH-Booking\\vendor\\laravel\\framework\\src\\Illuminate\\Foundation\\Http\\Kernel.php(255): Illuminate\\Foundation\\Application->make('App\\\\Http\\\\Middle...')
#17 C:\\laragon\\www\\DEAH-Booking\\vendor\\laravel\\framework\\src\\Illuminate\\Foundation\\Http\\Kernel.php(213): Illuminate\\Foundation\\Http\\Kernel->terminateMiddleware(Object(Illuminate\\Http\\Request), Object(Illuminate\\Http\\Response))
#18 C:\\laragon\\www\\DEAH-Booking\\public\\index.php(56): Illuminate\\Foundation\\Http\\Kernel->terminate(Object(Illuminate\\Http\\Request), Object(Illuminate\\Http\\Response))
#19 C:\\laragon\\www\\DEAH-Booking\\vendor\\laravel\\framework\\src\\Illuminate\\Foundation\\resources\\server.php(16): require_once('C:\\\\laragon\\\\www\\\\...')
#20 {main}
"} 
[2024-08-19 09:35:42] production.ERROR: No application encryption key has been specified. {"exception":"[object] (Illuminate\\Encryption\\MissingAppKeyException(code: 0): No application encryption key has been specified. at C:\\laragon\\www\\DEAH-Booking\\vendor\\laravel\\framework\\src\\Illuminate\\Encryption\\EncryptionServiceProvider.php:79)
[stacktrace]
#0 C:\\laragon\\www\\DEAH-Booking\\vendor\\laravel\\framework\\src\\Illuminate\\Support\\helpers.php(307): Illuminate\\Encryption\\EncryptionServiceProvider->Illuminate\\Encryption\\{closure}(NULL)
#1 C:\\laragon\\www\\DEAH-Booking\\vendor\\laravel\\framework\\src\\Illuminate\\Encryption\\EncryptionServiceProvider.php(81): tap(NULL, Object(Closure))
#2 C:\\laragon\\www\\DEAH-Booking\\vendor\\laravel\\framework\\src\\Illuminate\\Encryption\\EncryptionServiceProvider.php(60): Illuminate\\Encryption\\EncryptionServiceProvider->key(Array)
#3 C:\\laragon\\www\\DEAH-Booking\\vendor\\laravel\\framework\\src\\Illuminate\\Encryption\\EncryptionServiceProvider.php(32): Illuminate\\Encryption\\EncryptionServiceProvider->parseKey(Array)
#4 C:\\laragon\\www\\DEAH-Booking\\vendor\\laravel\\framework\\src\\Illuminate\\Container\\Container.php(908): Illuminate\\Encryption\\EncryptionServiceProvider->Illuminate\\Encryption\\{closure}(Object(Illuminate\\Foundation\\Application), Array)
#5 C:\\laragon\\www\\DEAH-Booking\\vendor\\laravel\\framework\\src\\Illuminate\\Container\\Container.php(795): Illuminate\\Container\\Container->build(Object(Closure))
#6 C:\\laragon\\www\\DEAH-Booking\\vendor\\laravel\\framework\\src\\Illuminate\\Foundation\\Application.php(961): Illuminate\\Container\\Container->resolve('encrypter', Array, true)
#7 C:\\laragon\\www\\DEAH-Booking\\vendor\\laravel\\framework\\src\\Illuminate\\Container\\Container.php(731): Illuminate\\Foundation\\Application->resolve('encrypter', Array)
#8 C:\\laragon\\www\\DEAH-Booking\\vendor\\laravel\\framework\\src\\Illuminate\\Foundation\\Application.php(946): Illuminate\\Container\\Container->make('encrypter', Array)
#9 C:\\laragon\\www\\DEAH-Booking\\vendor\\laravel\\framework\\src\\Illuminate\\Container\\Container.php(1066): Illuminate\\Foundation\\Application->make('encrypter')
#10 C:\\laragon\\www\\DEAH-Booking\\vendor\\laravel\\framework\\src\\Illuminate\\Container\\Container.php(982): Illuminate\\Container\\Container->resolveClass(Object(ReflectionParameter))
#11 C:\\laragon\\www\\DEAH-Booking\\vendor\\laravel\\framework\\src\\Illuminate\\Container\\Container.php(943): Illuminate\\Container\\Container->resolveDependencies(Array)
#12 C:\\laragon\\www\\DEAH-Booking\\vendor\\laravel\\framework\\src\\Illuminate\\Container\\Container.php(795): Illuminate\\Container\\Container->build('App\\\\Http\\\\Middle...')
#13 C:\\laragon\\www\\DEAH-Booking\\vendor\\laravel\\framework\\src\\Illuminate\\Foundation\\Application.php(961): Illuminate\\Container\\Container->resolve('App\\\\Http\\\\Middle...', Array, true)
#14 C:\\laragon\\www\\DEAH-Booking\\vendor\\laravel\\framework\\src\\Illuminate\\Container\\Container.php(731): Illuminate\\Foundation\\Application->resolve('App\\\\Http\\\\Middle...', Array)
#15 C:\\laragon\\www\\DEAH-Booking\\vendor\\laravel\\framework\\src\\Illuminate\\Foundation\\Application.php(946): Illuminate\\Container\\Container->make('App\\\\Http\\\\Middle...', Array)
#16 C:\\laragon\\www\\DEAH-Booking\\vendor\\laravel\\framework\\src\\Illuminate\\Pipeline\\Pipeline.php(172): Illuminate\\Foundation\\Application->make('App\\\\Http\\\\Middle...')
#17 C:\\laragon\\www\\DEAH-Booking\\vendor\\laravel\\framework\\src\\Illuminate\\Pipeline\\Pipeline.php(119): Illuminate\\Pipeline\\Pipeline->Illuminate\\Pipeline\\{closure}(Object(Illuminate\\Http\\Request))
#18 C:\\laragon\\www\\DEAH-Booking\\vendor\\laravel\\framework\\src\\Illuminate\\Routing\\Router.php(807): Illuminate\\Pipeline\\Pipeline->then(Object(Closure))
#19 C:\\laragon\\www\\DEAH-Booking\\vendor\\laravel\\framework\\src\\Illuminate\\Routing\\Router.php(784): Illuminate\\Routing\\Router->runRouteWithinStack(Object(Illuminate\\Routing\\Route), Object(Illuminate\\Http\\Request))
#20 C:\\laragon\\www\\DEAH-Booking\\vendor\\laravel\\framework\\src\\Illuminate\\Routing\\Router.php(748): Illuminate\\Routing\\Router->runRoute(Object(Illuminate\\Http\\Request), Object(Illuminate\\Routing\\Route))
#21 C:\\laragon\\www\\DEAH-Booking\\vendor\\laravel\\framework\\src\\Illuminate\\Routing\\Router.php(737): Illuminate\\Routing\\Router->dispatchToRoute(Object(Illuminate\\Http\\Request))
#22 C:\\laragon\\www\\DEAH-Booking\\vendor\\laravel\\framework\\src\\Illuminate\\Foundation\\Http\\Kernel.php(200): Illuminate\\Routing\\Router->dispatch(Object(Illuminate\\Http\\Request))
#23 C:\\laragon\\www\\DEAH-Booking\\vendor\\laravel\\framework\\src\\Illuminate\\Pipeline\\Pipeline.php(144): Illuminate\\Foundation\\Http\\Kernel->Illuminate\\Foundation\\Http\\{closure}(Object(Illuminate\\Http\\Request))
#24 C:\\laragon\\www\\DEAH-Booking\\app\\Http\\Middleware\\CorsMiddleware.php(18): Illuminate\\Pipeline\\Pipeline->Illuminate\\Pipeline\\{closure}(Object(Illuminate\\Http\\Request))
#25 C:\\laragon\\www\\DEAH-Booking\\vendor\\laravel\\framework\\src\\Illuminate\\Pipeline\\Pipeline.php(183): App\\Http\\Middleware\\CorsMiddleware->handle(Object(Illuminate\\Http\\Request), Object(Closure))
#26 C:\\laragon\\www\\DEAH-Booking\\vendor\\laravel\\framework\\src\\Illuminate\\Foundation\\Http\\Middleware\\TransformsRequest.php(21): Illuminate\\Pipeline\\Pipeline->Illuminate\\Pipeline\\{closure}(Object(Illuminate\\Http\\Request))
#27 C:\\laragon\\www\\DEAH-Booking\\vendor\\laravel\\framework\\src\\Illuminate\\Foundation\\Http\\Middleware\\ConvertEmptyStringsToNull.php(31): Illuminate\\Foundation\\Http\\Middleware\\TransformsRequest->handle(Object(Illuminate\\Http\\Request), Object(Closure))
#28 C:\\laragon\\www\\DEAH-Booking\\vendor\\laravel\\framework\\src\\Illuminate\\Pipeline\\Pipeline.php(183): Illuminate\\Foundation\\Http\\Middleware\\ConvertEmptyStringsToNull->handle(Object(Illuminate\\Http\\Request), Object(Closure))
#29 C:\\laragon\\www\\DEAH-Booking\\vendor\\laravel\\framework\\src\\Illuminate\\Foundation\\Http\\Middleware\\TransformsRequest.php(21): Illuminate\\Pipeline\\Pipeline->Illuminate\\Pipeline\\{closure}(Object(Illuminate\\Http\\Request))
#30 C:\\laragon\\www\\DEAH-Booking\\vendor\\laravel\\framework\\src\\Illuminate\\Foundation\\Http\\Middleware\\TrimStrings.php(40): Illuminate\\Foundation\\Http\\Middleware\\TransformsRequest->handle(Object(Illuminate\\Http\\Request), Object(Closure))
#31 C:\\laragon\\www\\DEAH-Booking\\vendor\\laravel\\framework\\src\\Illuminate\\Pipeline\\Pipeline.php(183): Illuminate\\Foundation\\Http\\Middleware\\TrimStrings->handle(Object(Illuminate\\Http\\Request), Object(Closure))
#32 C:\\laragon\\www\\DEAH-Booking\\vendor\\laravel\\framework\\src\\Illuminate\\Foundation\\Http\\Middleware\\ValidatePostSize.php(27): Illuminate\\Pipeline\\Pipeline->Illuminate\\Pipeline\\{closure}(Object(Illuminate\\Http\\Request))
#33 C:\\laragon\\www\\DEAH-Booking\\vendor\\laravel\\framework\\src\\Illuminate\\Pipeline\\Pipeline.php(183): Illuminate\\Foundation\\Http\\Middleware\\ValidatePostSize->handle(Object(Illuminate\\Http\\Request), Object(Closure))
#34 C:\\laragon\\www\\DEAH-Booking\\vendor\\laravel\\framework\\src\\Illuminate\\Foundation\\Http\\Middleware\\PreventRequestsDuringMaintenance.php(99): Illuminate\\Pipeline\\Pipeline->Illuminate\\Pipeline\\{closure}(Object(Illuminate\\Http\\Request))
#35 C:\\laragon\\www\\DEAH-Booking\\vendor\\laravel\\framework\\src\\Illuminate\\Pipeline\\Pipeline.php(183): Illuminate\\Foundation\\Http\\Middleware\\PreventRequestsDuringMaintenance->handle(Object(Illuminate\\Http\\Request), Object(Closure))
#36 C:\\laragon\\www\\DEAH-Booking\\vendor\\laravel\\framework\\src\\Illuminate\\Http\\Middleware\\HandleCors.php(49): Illuminate\\Pipeline\\Pipeline->Illuminate\\Pipeline\\{closure}(Object(Illuminate\\Http\\Request))
#37 C:\\laragon\\www\\DEAH-Booking\\vendor\\laravel\\framework\\src\\Illuminate\\Pipeline\\Pipeline.php(183): Illuminate\\Http\\Middleware\\HandleCors->handle(Object(Illuminate\\Http\\Request), Object(Closure))
#38 C:\\laragon\\www\\DEAH-Booking\\vendor\\laravel\\framework\\src\\Illuminate\\Http\\Middleware\\TrustProxies.php(39): Illuminate\\Pipeline\\Pipeline->Illuminate\\Pipeline\\{closure}(Object(Illuminate\\Http\\Request))
#39 C:\\laragon\\www\\DEAH-Booking\\vendor\\laravel\\framework\\src\\Illuminate\\Pipeline\\Pipeline.php(183): Illuminate\\Http\\Middleware\\TrustProxies->handle(Object(Illuminate\\Http\\Request), Object(Closure))
#40 C:\\laragon\\www\\DEAH-Booking\\vendor\\laravel\\framework\\src\\Illuminate\\Pipeline\\Pipeline.php(119): Illuminate\\Pipeline\\Pipeline->Illuminate\\Pipeline\\{closure}(Object(Illuminate\\Http\\Request))
#41 C:\\laragon\\www\\DEAH-Booking\\vendor\\laravel\\framework\\src\\Illuminate\\Foundation\\Http\\Kernel.php(175): Illuminate\\Pipeline\\Pipeline->then(Object(Closure))
#42 C:\\laragon\\www\\DEAH-Booking\\vendor\\laravel\\framework\\src\\Illuminate\\Foundation\\Http\\Kernel.php(144): Illuminate\\Foundation\\Http\\Kernel->sendRequestThroughRouter(Object(Illuminate\\Http\\Request))
#43 C:\\laragon\\www\\DEAH-Booking\\public\\index.php(53): Illuminate\\Foundation\\Http\\Kernel->handle(Object(Illuminate\\Http\\Request))
#44 C:\\laragon\\www\\DEAH-Booking\\vendor\\laravel\\framework\\src\\Illuminate\\Foundation\\resources\\server.php(16): require_once('C:\\\\laragon\\\\www\\\\...')
#45 {main}
"} 
[2024-08-19 09:35:42] production.ERROR: No application encryption key has been specified. {"exception":"[object] (Illuminate\\Encryption\\MissingAppKeyException(code: 0): No application encryption key has been specified. at C:\\laragon\\www\\DEAH-Booking\\vendor\\laravel\\framework\\src\\Illuminate\\Encryption\\EncryptionServiceProvider.php:79)
[stacktrace]
#0 C:\\laragon\\www\\DEAH-Booking\\vendor\\laravel\\framework\\src\\Illuminate\\Support\\helpers.php(307): Illuminate\\Encryption\\EncryptionServiceProvider->Illuminate\\Encryption\\{closure}(NULL)
#1 C:\\laragon\\www\\DEAH-Booking\\vendor\\laravel\\framework\\src\\Illuminate\\Encryption\\EncryptionServiceProvider.php(81): tap(NULL, Object(Closure))
#2 C:\\laragon\\www\\DEAH-Booking\\vendor\\laravel\\framework\\src\\Illuminate\\Encryption\\EncryptionServiceProvider.php(60): Illuminate\\Encryption\\EncryptionServiceProvider->key(Array)
#3 C:\\laragon\\www\\DEAH-Booking\\vendor\\laravel\\framework\\src\\Illuminate\\Encryption\\EncryptionServiceProvider.php(32): Illuminate\\Encryption\\EncryptionServiceProvider->parseKey(Array)
#4 C:\\laragon\\www\\DEAH-Booking\\vendor\\laravel\\framework\\src\\Illuminate\\Container\\Container.php(908): Illuminate\\Encryption\\EncryptionServiceProvider->Illuminate\\Encryption\\{closure}(Object(Illuminate\\Foundation\\Application), Array)
#5 C:\\laragon\\www\\DEAH-Booking\\vendor\\laravel\\framework\\src\\Illuminate\\Container\\Container.php(795): Illuminate\\Container\\Container->build(Object(Closure))
#6 C:\\laragon\\www\\DEAH-Booking\\vendor\\laravel\\framework\\src\\Illuminate\\Foundation\\Application.php(961): Illuminate\\Container\\Container->resolve('encrypter', Array, true)
#7 C:\\laragon\\www\\DEAH-Booking\\vendor\\laravel\\framework\\src\\Illuminate\\Container\\Container.php(731): Illuminate\\Foundation\\Application->resolve('encrypter', Array)
#8 C:\\laragon\\www\\DEAH-Booking\\vendor\\laravel\\framework\\src\\Illuminate\\Foundation\\Application.php(946): Illuminate\\Container\\Container->make('encrypter', Array)
#9 C:\\laragon\\www\\DEAH-Booking\\vendor\\laravel\\framework\\src\\Illuminate\\Container\\Container.php(1066): Illuminate\\Foundation\\Application->make('encrypter')
#10 C:\\laragon\\www\\DEAH-Booking\\vendor\\laravel\\framework\\src\\Illuminate\\Container\\Container.php(982): Illuminate\\Container\\Container->resolveClass(Object(ReflectionParameter))
#11 C:\\laragon\\www\\DEAH-Booking\\vendor\\laravel\\framework\\src\\Illuminate\\Container\\Container.php(943): Illuminate\\Container\\Container->resolveDependencies(Array)
#12 C:\\laragon\\www\\DEAH-Booking\\vendor\\laravel\\framework\\src\\Illuminate\\Container\\Container.php(795): Illuminate\\Container\\Container->build('App\\\\Http\\\\Middle...')
#13 C:\\laragon\\www\\DEAH-Booking\\vendor\\laravel\\framework\\src\\Illuminate\\Foundation\\Application.php(961): Illuminate\\Container\\Container->resolve('App\\\\Http\\\\Middle...', Array, true)
#14 C:\\laragon\\www\\DEAH-Booking\\vendor\\laravel\\framework\\src\\Illuminate\\Container\\Container.php(731): Illuminate\\Foundation\\Application->resolve('App\\\\Http\\\\Middle...', Array)
#15 C:\\laragon\\www\\DEAH-Booking\\vendor\\laravel\\framework\\src\\Illuminate\\Foundation\\Application.php(946): Illuminate\\Container\\Container->make('App\\\\Http\\\\Middle...', Array)
#16 C:\\laragon\\www\\DEAH-Booking\\vendor\\laravel\\framework\\src\\Illuminate\\Foundation\\Http\\Kernel.php(255): Illuminate\\Foundation\\Application->make('App\\\\Http\\\\Middle...')
#17 C:\\laragon\\www\\DEAH-Booking\\vendor\\laravel\\framework\\src\\Illuminate\\Foundation\\Http\\Kernel.php(213): Illuminate\\Foundation\\Http\\Kernel->terminateMiddleware(Object(Illuminate\\Http\\Request), Object(Illuminate\\Http\\Response))
#18 C:\\laragon\\www\\DEAH-Booking\\public\\index.php(56): Illuminate\\Foundation\\Http\\Kernel->terminate(Object(Illuminate\\Http\\Request), Object(Illuminate\\Http\\Response))
#19 C:\\laragon\\www\\DEAH-Booking\\vendor\\laravel\\framework\\src\\Illuminate\\Foundation\\resources\\server.php(16): require_once('C:\\\\laragon\\\\www\\\\...')
#20 {main}
"} 
